subtype	strain	derived_haplotype	accession_w_aa_muts_added	prot_sequence	nt_sequence	selection_file	latest_sequence
H3N2	A/Thuringen/17/2026	J.2.4:F79V,S144N,N158D,I160K,T328A	PZ002952	QKIPGNDNSTATLCLGHHAVPNGTIVKTITNDRIEVTNATELVQNSSIGKICNSPHQILDGGNCTLIDALLGDPQCDGVQNKEWDLFVERSRANSSCYPYDVPDYASLRSLVASSGTLEFKDESFNWTGVKQNGKSSACKRGSNSSFFSRLNWLTSLDNKYPAQNVTMPNKEQFDKLYIWGVHHPDTDRNQFSLFAQSSGRITVSTKRSQQAVIPNIGSRPRVRDIPSRISIYWTIVKPGDILLINSTGNLIAPRGYFKIRSGKSSIMRSDAPIGECKSECITPNGSIPNDKPFQNVNRITYGACPRYVKQSTLKLATGMRNVPEKQARGIFGAIAGFIENGWEGMVDGWYGFRHQNSEGRGQAADLKSTQAAIDQISGKLNRLIGKTNEKFHQIEKEFSEVEGRVQDLEKYVEDTKIDLWSYNAELLVALENQHTIDLTDSEMNKLFEKTKKQLRENAEDMGNGCFKIYHKCDNACIGSIRNETYDHNVYRDEALNNRFQIKGVELKSGYKDWILWISFAMSCFLLCIALLGFIMWACQKGNIRCNICI	CAAAAAATACCTGGAAATGACAATAGCACGGCAACGCTGTGCCTTGGGCACCATGCAGTACCAAACGGAACGATAGTGAAAACAATCACAAATGACCGAATTGAAGTTACTAATGCTACTGAGTTGGTTCAGAATTCATCAATAGGTAAAATATGCAACAGTCCTCATCAGATCCTTGATGGAGGGAACTGCACACTAATAGATGCTCTATTGGGGGACCCTCAGTGTGACGGCGTTCAGAATAAGGAATGGGACCTTTTTGTTGAACGAAGCAGAGCCAACAGCAGCTGTTACCCTTATGATGTGCCGGATTATGCCTCCCTTAGGTCACTAGTTGCCTCATCCGGAACACTGGAGTTTAAAGATGAAAGCTTCAATTGGACCGGAGTCAAACAAAACGGGAAAAGTTCTGCGTGCAAAAGGGGATCTAATAGTAGTTTTTTTAGTAGATTAAATTGGTTGACCAGCTTAGACAACAAATATCCAGCACAGAACGTGACTATGCCAAACAAGGAACAATTTGACAAATTGTACATTTGGGGGGTTCATCATCCGGACACGGACAGGAACCAATTCTCCCTGTTTGCTCAATCATCAGGAAGAATCACAGTATCTACCAAAAGAAGCCAACAAGCTGTAATCCCAAATATCGGATCTAGACCCAGAGTAAGGGATATCCCTAGCAGAATAAGCATCTATTGGACAATAGTAAAACCGGGAGACATACTTTTGATTAACAGCACAGGGAATCTAATTGCTCCTAGGGGTTACTTCAAAATACGAAGTGGAAAAAGCTCAATAATGAGATCAGACGCACCCATTGGCGAATGTAAGTCAGAATGCATCACTCCAAATGGAAGCATTCCCAATGACAAACCGTTCCAAAATGTAAACAGGATCACATACGGGGCCTGTCCCAGATACGTTAAGCAAAGCACCCTGAAATTGGCAACAGGAATGCGAAATGTACCTGAGAAACAAGCCAGAGGCATATTTGGTGCAATAGCGGGCTTCATAGAAAATGGATGGGAGGGAATGGTGGATGGTTGGTACGGTTTCAGGCATCAAAATTCTGAGGGAAGAGGACAAGCAGCAGATCTCAAAAGCACTCAAGCAGCAATCGATCAAATCAGTGGGAAGCTGAATCGATTGATCGGAAAAACCAATGAGAAATTCCATCAGATTGAAAAAGAATTCTCAGAAGTAGAAGGAAGAGTTCAAGACCTTGAGAAATATGTTGAGGACACTAAAATAGATCTCTGGTCATACAACGCGGAGCTTCTTGTTGCCCTGGAGAACCAACATACGATTGACCTAACTGACTCAGAAATGAACAAGCTGTTTGAAAAAACAAAGAAACAACTGAGGGAAAATGCTGAGGATATGGGAAATGGTTGTTTCAAAATATACCACAAATGTGACAATGCCTGCATAGGATCAATAAGAAATGAAACTTATGACCACAATGTGTACAGGGATGAAGCATTAAACAACCGGTTCCAAATCAAGGGAGTTGAGCTGAAGTCAGGATACAAAGATTGGATCCTATGGATTTCCTTTGCCATGTCATGTTTTTTGCTTTGTATTGCTTTGTTGGGGTTCATCATGTGGGCCTGCCAAAAGGGCAACATTAGGTGCAACATTTGCATT	kondorr_h3n2.txt	2026-04-11
H3N2	A/Oregon/81/2025	J.2.4:F79V,S144N,N158D,I160K,S198T,T328A	PZ464811	QKIPGNDNSTATLCLGHHAVPNGTIVKTITNDRIEVTNATELVQNSSIGKICNSPHQILDGGNCTLIDALLGDPQCDGVQNKEWDLFVERSRANSSCYPYDVPDYASLRSLVASSGTLEFKDESFNWTGVKQNGKSSACKRGSNSSFFSRLNWLTSLDNKYPAQNVTMPNKEQFDKLYIWGVHHPDTDRNQFSLFAQTSGRITVSTKRSQQAVIPNIGSRPRVRDIPSRISIYWTIVKPGDILLINSTGNLIAPRGYFKIRSGKSSIMRSDAPIGECKSECITPNGSIPNDKPFQNVNRITYGACPRYVKQSTLKLATGMRNVPEKQARGIFGAIAGFIENGWEGMVDGWYGFRHQNSEGRGQAADLKSTQAAIDQISGKLNRLIGKTNEKFHQIEKEFSEVEGRVQDLEKYVEDTKIDLWSYNAELLVALENQHTIDLTDSEMNKLFEKTKKQLRENAEDMGNGCFKIYHKCDNACIGSIRNETYDHNVYRDEALNNRFQIKGVELKSGYKDWILWISFAMSCFLLCIALLGFIMWACQKGNIRCNICI	CAAAAAATACCTGGAAATGACAATAGCACGGCAACGCTGTGCCTTGGGCACCATGCAGTACCAAACGGAACGATAGTGAAAACAATCACAAATGACCGAATTGAAGTTACTAATGCTACTGAGTTGGTTCAGAATTCATCAATAGGTAAAATATGCAACAGTCCTCATCAGATCCTTGATGGAGGGAACTGCACACTAATAGATGCTCTATTGGGGGACCCTCAGTGTGACGGCGTTCAGAATAAGGAATGGGACCTTTTTGTTGAACGAAGCAGAGCCAACAGCAGCTGTTACCCTTATGATGTGCCGGATTATGCCTCCCTTAGGTCACTAGTTGCCTCATCCGGAACACTGGAGTTTAAAGATGAAAGCTTCAATTGGACCGGAGTCAAACAAAACGGGAAAAGTTCTGCGTGCAAAAGGGGATCTAATAGTAGTTTTTTTAGTAGATTAAATTGGTTGACCAGCTTAGACAACAAATATCCAGCACAGAACGTGACTATGCCAAACAAGGAACAATTTGACAAATTGTACATTTGGGGGGTTCATCATCCGGACACGGACAGGAACCAATTCTCCCTGTTTGCTCAAACATCAGGAAGAATCACAGTATCTACCAAAAGAAGCCAACAAGCTGTAATCCCAAATATCGGATCTAGACCCAGAGTAAGGGATATCCCTAGCAGAATAAGCATCTATTGGACAATAGTAAAACCGGGAGACATACTTTTGATTAACAGCACAGGGAATCTAATTGCTCCTAGGGGTTACTTCAAAATACGAAGTGGAAAAAGCTCAATAATGAGATCAGACGCACCCATTGGCGAATGTAAGTCAGAATGCATCACTCCAAATGGAAGCATTCCCAATGACAAACCGTTCCAAAATGTAAACAGGATCACATACGGGGCCTGTCCCAGATACGTTAAGCAAAGCACCCTGAAATTGGCAACAGGAATGCGAAATGTACCTGAGAAACAAGCCAGAGGCATATTTGGTGCAATAGCGGGCTTCATAGAAAATGGATGGGAGGGAATGGTGGATGGTTGGTACGGTTTCAGGCATCAAAATTCTGAGGGAAGAGGACAAGCAGCAGATCTCAAAAGCACTCAAGCAGCAATCGATCAAATCAGTGGGAAGCTGAATCGATTGATCGGAAAAACCAATGAGAAATTCCATCAGATTGAAAAAGAATTCTCAGAAGTAGAAGGAAGAGTTCAAGACCTTGAGAAATATGTTGAGGACACTAAAATAGATCTCTGGTCATACAACGCGGAGCTTCTTGTTGCCCTGGAGAACCAACATACGATTGACCTAACTGACTCAGAAATGAACAAGCTGTTTGAAAAAACAAAGAAACAACTGAGGGAAAATGCTGAGGATATGGGAAATGGTTGTTTCAAAATATACCACAAATGTGACAATGCCTGCATAGGATCAATAAGAAATGAAACTTATGACCACAATGTGTACAGGGATGAAGCATTAAACAACCGGTTCCAAATCAAGGGAGTTGAGCTGAAGTCAGGATACAAAGATTGGATCCTATGGATTTCCTTTGCCATGTCATGTTTTTTGCTTTGTATTGCTTTGTTGGGGTTCATCATGTGGGCCTGCCAAAAGGGCAACATTAGGTGCAACATTTGCATT	kondorr_h3n2.txt	2026-03-10
H3N2	A/Michigan/UM-10068449788/2025	J.2.4:F79V,K131R,S144N,N158D,I160K,T328A	PX842062	QKIPGNDNSTATLCLGHHAVPNGTIVKTITNDRIEVTNATELVQNSSIGKICNSPHQILDGGNCTLIDALLGDPQCDGVQNKEWDLFVERSRANSSCYPYDVPDYASLRSLVASSGTLEFKDESFNWTGVRQNGKSSACKRGSNSSFFSRLNWLTSLDNKYPAQNVTMPNKEQFDKLYIWGVHHPDTDRNQFSLFAQSSGRITVSTKRSQQAVIPNIGSRPRVRDIPSRISIYWTIVKPGDILLINSTGNLIAPRGYFKIRSGKSSIMRSDAPIGECKSECITPNGSIPNDKPFQNVNRITYGACPRYVKQSTLKLATGMRNVPEKQARGIFGAIAGFIENGWEGMVDGWYGFRHQNSEGRGQAADLKSTQAAIDQISGKLNRLIGKTNEKFHQIEKEFSEVEGRVQDLEKYVEDTKIDLWSYNAELLVALENQHTIDLTDSEMNKLFEKTKKQLRENAEDMGNGCFKIYHKCDNACIGSIRNETYDHNVYRDEALNNRFQIKGVELKSGYKDWILWISFAMSCFLLCIALLGFIMWACQKGNIRCNICI	CAAAAAATACCTGGAAATGACAATAGCACGGCAACGCTGTGCCTTGGGCACCATGCAGTACCAAACGGAACGATAGTGAAAACAATCACAAATGACCGAATTGAAGTTACTAATGCTACTGAGTTGGTTCAGAATTCATCAATAGGTAAAATATGCAACAGTCCTCATCAGATCCTTGATGGAGGGAACTGCACACTAATAGATGCTCTATTGGGGGACCCTCAGTGTGACGGCGTTCAGAATAAGGAATGGGACCTTTTTGTTGAACGAAGCAGAGCCAACAGCAGCTGTTACCCTTATGATGTGCCGGATTATGCCTCCCTTAGGTCACTAGTTGCCTCATCCGGAACACTGGAGTTTAAAGATGAAAGCTTCAATTGGACCGGAGTCAGACAAAACGGGAAAAGTTCTGCGTGCAAAAGGGGATCTAATAGTAGTTTTTTTAGTAGATTAAATTGGTTGACCAGCTTAGACAACAAATATCCAGCACAGAACGTGACTATGCCAAACAAGGAACAATTTGACAAATTGTACATTTGGGGGGTTCATCATCCGGACACGGACAGGAACCAATTCTCCCTGTTTGCTCAATCATCAGGAAGAATCACAGTATCTACCAAAAGAAGCCAACAAGCTGTAATCCCAAATATCGGATCTAGACCCAGAGTAAGGGATATCCCTAGCAGAATAAGCATCTATTGGACAATAGTAAAACCGGGAGACATACTTTTGATTAACAGCACAGGGAATCTAATTGCTCCTAGGGGTTACTTCAAAATACGAAGTGGAAAAAGCTCAATAATGAGATCAGACGCACCCATTGGCGAATGTAAGTCAGAATGCATCACTCCAAATGGAAGCATTCCCAATGACAAACCGTTCCAAAATGTAAACAGGATCACATACGGGGCCTGTCCCAGATACGTTAAGCAAAGCACCCTGAAATTGGCAACAGGAATGCGAAATGTACCTGAGAAACAAGCCAGAGGCATATTTGGTGCAATAGCGGGCTTCATAGAAAATGGATGGGAGGGAATGGTGGATGGTTGGTACGGTTTCAGGCATCAAAATTCTGAGGGAAGAGGACAAGCAGCAGATCTCAAAAGCACTCAAGCAGCAATCGATCAAATCAGTGGGAAGCTGAATCGATTGATCGGAAAAACCAATGAGAAATTCCATCAGATTGAAAAAGAATTCTCAGAAGTAGAAGGAAGAGTTCAAGACCTTGAGAAATATGTTGAGGACACTAAAATAGATCTCTGGTCATACAACGCGGAGCTTCTTGTTGCCCTGGAGAACCAACATACGATTGACCTAACTGACTCAGAAATGAACAAGCTGTTTGAAAAAACAAAGAAACAACTGAGGGAAAATGCTGAGGATATGGGAAATGGTTGTTTCAAAATATACCACAAATGTGACAATGCCTGCATAGGATCAATAAGAAATGAAACTTATGACCACAATGTGTACAGGGATGAAGCATTAAACAACCGGTTCCAAATCAAGGGAGTTGAGCTGAAGTCAGGATACAAAGATTGGATCCTATGGATTTCCTTTGCCATGTCATGTTTTTTGCTTTGTATTGCTTTGTTGGGGTTCATCATGTGGGCCTGCCAAAAGGGCAACATTAGGTGCAACATTTGCATT	kondorr_h3n2.txt	2026-01-21
H3N2	A/France/HDF-RELAB-IPP00300/2026	K:G129R	PX848096	QNIPGNDNSTATLCLGHHAVPNGTIVKTITNDRIEVTNATELVQNSSIGKICNSPHQILDGGNCTLIDALLGDPQCDGFQNKEWDLFVERSRANSSCYPYDVPDYASLRSLVASSGTLEFKDESFNWTRVKQNGKSSACKRGSNSSFFSRLNWLTSLDNKYPAQNVTMPNKERFDKLYIWGVHHPDTDRNQFSLFAQSSGRITVSTKRSQQAVIPNIGSRPRVRDIPSRISIYWTIVKPGDILLINSTGNLIAPRGYFKIRSGKSSIMRSDAPIGECKSECITPNGSIPNDKPFQNVNRITYGACPRYVKQSTLKLATGMRNVPEKQARGIFGAIAGFIENGWEGMVDGWYGFRHQNSEGRGQAADLKSTQAAIDQINGKLNRLIGKTNEKFHQIEKEFSEVEGRVQDLEKYVEDTKIDLWSYNAELLVALENQHTIDLTDSEMNKLFEKTKKQLRENAEDMGNGCFKIYHKCDNACIGSIRNETYDHNVYRDEALNNRFQIKGVELKSGYKDWILWISFAMSCFLLCIALLGFIMWACQKGNIRCNICI	CAAAACATACCTGGAAATGACAATAGCACGGCAACGCTGTGCCTTGGGCACCATGCAGTACCAAACGGAACGATAGTGAAAACAATCACAAATGACCGAATTGAAGTTACTAATGCTACTGAGTTGGTTCAGAATTCATCAATAGGTAAAATATGCAACAGTCCTCATCAGATCCTTGATGGAGGGAACTGCACACTAATAGATGCTCTATTGGGGGACCCTCAGTGTGACGGCTTTCAGAATAAGGAATGGGACCTTTTTGTTGAACGAAGCAGAGCCAACAGCAGCTGTTACCCTTATGATGTGCCGGATTATGCCTCCCTTAGGTCACTAGTTGCCTCATCCGGAACACTGGAGTTTAAAGATGAAAGCTTCAATTGGACCAGAGTCAAACAAAACGGGAAAAGTTCTGCGTGCAAAAGGGGATCTAATAGTAGTTTTTTTAGTAGATTAAATTGGTTGACCAGCTTAGACAACAAATATCCAGCACAGAACGTGACTATGCCAAACAAGGAACGATTTGACAAATTGTACATTTGGGGGGTTCATCATCCGGACACGGACAGGAACCAATTCTCCCTGTTTGCTCAATCATCAGGAAGAATCACAGTATCTACCAAAAGAAGCCAACAAGCTGTAATCCCAAATATCGGATCTAGACCCAGAGTAAGGGATATCCCTAGCAGAATAAGCATCTATTGGACAATAGTAAAACCGGGAGACATACTTTTGATTAACAGCACAGGGAATCTAATTGCTCCTAGGGGTTACTTCAAAATACGAAGTGGAAAAAGCTCAATAATGAGATCAGACGCACCCATTGGCGAATGTAAGTCAGAATGCATCACTCCAAATGGAAGCATTCCCAATGACAAACCGTTCCAAAATGTAAACAGGATCACATACGGGGCCTGTCCCAGATACGTTAAGCAAAGCACCCTGAAATTGGCAACAGGAATGCGAAATGTACCTGAGAAACAAGCCAGAGGCATATTTGGTGCAATAGCGGGCTTCATAGAAAATGGATGGGAGGGAATGGTGGATGGTTGGTACGGTTTCAGGCATCAAAATTCTGAGGGAAGAGGACAAGCAGCAGATCTCAAAAGCACTCAAGCAGCAATCGATCAAATCAATGGGAAGCTGAATCGATTGATCGGAAAAACCAATGAGAAATTCCATCAGATTGAAAAAGAATTCTCAGAAGTAGAAGGAAGAGTTCAAGACCTTGAGAAATATGTTGAGGACACTAAAATAGATCTCTGGTCATACAACGCGGAGCTTCTTGTTGCCCTGGAGAACCAACATACGATTGACCTAACTGACTCAGAAATGAACAAGCTGTTTGAAAAAACAAAGAAACAACTGAGGGAAAATGCTGAGGATATGGGAAATGGTTGTTTCAAAATATACCACAAATGTGACAATGCCTGCATAGGATCAATAAGAAATGAAACTTATGACCACAATGTGTACAGGGATGAAGCATTAAACAACCGGTTCCAAATCAAGGGAGTTGAGCTGAAGTCAGGGTACAAAGATTGGATCCTATGGATTTCCTTTGCCATGTCATGTTTTTTGCTTTGTATTGCTTTGTTGGGGTTCATCATGTGGGCCTGCCAAAAAGGCAACATTAGGTGCAACATTTGCATT	kondorr_h3n2.txt	2026-03-05
H3N2	A/France/NAQ-HCL026010957001/2026	K:I288V	PX988500	QNIPGNDNSTATLCLGHHAVPNGTIVKTITNDRIEVTNATELVQNSSIGKICNSPHQILDGGNCTLIDALLGDPQCDGFQNKEWDLFVERSRANSSCYPYDVPDYASLRSLVASSGTLEFKDESFNWTGVKQNGKSSACKRGSNSSFFSRLNWLTSLDNKYPAQNVTMPNKERFDKLYIWGVHHPDTDRNQFSLFAQSSGRITVSTKRSQQAVIPNIGSRPRVRDIPSRISIYWTIVKPGDILLINSTGNLIAPRGYFKIRSGKSSIMRSDAPIGECKSECITPNGSVPNDKPFQNVNRITYGACPRYVKQSTLKLATGMRNVPEKQARGIFGAIAGFIENGWEGMVDGWYGFRHQNSEGRGQAADLKSTQAAIDQINGKLNRLIGKTNEKFHQIEKEFSEVEGRVQDLEKYVEDTKIDLWSYNAELLVALENQHTIDLTDSEMNKLFEKTKKQLRENAEDMGNGCFKIYHKCDNACIGSIRNETYDHNVYRDEALNNRFQIKGVELKSGYKDWILWISFAMSCFLLCIALLGFIMWACQKGNIRCNICI	CAAAACATACCTGGAAATGACAATAGCACGGCAACGCTGTGCCTTGGGCACCATGCAGTACCAAACGGAACGATAGTGAAAACAATCACAAATGACCGAATTGAAGTTACTAATGCTACTGAGTTGGTTCAGAATTCATCAATAGGTAAAATATGCAACAGTCCTCATCAGATCCTTGATGGAGGGAACTGCACACTAATAGATGCTCTATTGGGGGACCCTCAGTGTGACGGCTTTCAGAATAAGGAATGGGACCTTTTTGTTGAACGAAGCAGAGCCAACAGCAGCTGTTACCCTTATGATGTGCCGGATTATGCCTCCCTTAGGTCACTAGTTGCCTCATCCGGAACACTGGAGTTTAAAGATGAAAGCTTCAATTGGACCGGAGTCAAACAAAACGGGAAAAGTTCTGCGTGCAAAAGGGGATCTAATAGTAGTTTTTTTAGTAGATTAAATTGGTTGACCAGCTTAGACAACAAATATCCAGCACAGAACGTGACTATGCCAAACAAGGAACGATTTGACAAATTGTACATTTGGGGGGTTCATCATCCGGACACGGACAGGAACCAATTCTCCCTGTTTGCTCAATCATCAGGAAGAATCACAGTATCTACCAAAAGAAGCCAACAAGCTGTAATCCCAAATATCGGATCTAGACCCAGAGTGAGGGATATCCCTAGCAGAATAAGCATCTATTGGACAATAGTAAAACCGGGAGACATACTTTTGATTAACAGCACAGGGAATCTAATTGCTCCTAGGGGTTACTTCAAAATACGGAGTGGAAAAAGCTCAATAATGAGATCAGACGCACCCATTGGCGAATGTAAGTCAGAATGCATCACTCCAAATGGAAGCGTTCCCAATGACAAACCGTTCCAAAATGTAAACAGGATCACATACGGTGCCTGTCCCAGATACGTTAAGCAAAGCACCCTGAAATTGGCAACAGGAATGCGAAATGTACCTGAGAAACAAGCCAGAGGCATATTTGGTGCAATAGCGGGCTTCATAGAAAATGGATGGGAGGGAATGGTGGATGGTTGGTACGGTTTCAGGCATCAAAATTCTGAGGGAAGAGGACAAGCAGCAGATCTCAAAAGCACTCAAGCAGCAATCGATCAAATCAATGGGAAGCTGAATCGATTGATCGGAAAAACCAATGAGAAATTCCATCAGATTGAAAAAGAATTCTCAGAAGTAGAAGGAAGAGTTCAAGACCTTGAGAAATATGTTGAGGACACTAAAATAGATCTCTGGTCATACAACGCGGAGCTTCTTGTTGCCCTGGAGAACCAACATACGATTGACCTAACTGACTCAGAAATGAACAAGCTGTTTGAAAAAACAAAGAAACAACTGAGGGAAAATGCTGAGGATATGGGAAATGGTTGTTTCAAAATATACCACAAATGTGACAATGCCTGCATAGGATCAATAAGAAATGAAACTTATGACCACAATGTGTACAGGGATGAAGCATTAAACAACCGGTTCCAAATCAAGGGAGTTGAGCTGAAGTCAGGGTACAAAGATTGGATCCTATGGATTTCCTTTGCCATGTCATGTTTTTTGCTTTGTATTGCTTTGTTGGGGTTCATCATGTGGGCCTGCCAAAAGGGCAACATTAGGTGCAACATTTGCATT	kondorr_h3n2.txt	2026-03-26
H3N2	A/Michigan/UM-10068456988/2025	K:R222K	PX913290	QNIPGNDNSTATLCLGHHAVPNGTIVKTITNDRIEVTNATELVQNSSIGKICNSPHQILDGGNCTLIDALLGDPQCDGFQNKEWDLFVERSRANSSCYPYDVPDYASLRSLVASSGTLEFKDESFNWTGVKQNGKSSACKRGSNSSFFSRLNWLTSLDNKYPAQNVTMPNKERFDKLYIWGVHHPDTDRNQFSLFAQSSGRITVSTKRSQQAVIPNIGSRPKVRDIPSRISIYWTIVKPGDILLINSTGNLIAPRGYFKIRSGKSSIMRSDAPIGECKSECITPNGSIPNDKPFQNVNRITYGACPRYVKQSTLKLATGMRNVPEKQARGIFGAIAGFIENGWEGMVDGWYGFRHQNSEGRGQAADLKSTQAAIDQINGKLNRLIGKTNEKFHQIEKEFSEVEGRVQDLEKYVEDTKIDLWSYNAELLVALENQHTIDLTDSEMNKLFEKTKKQLRENAEDMGNGCFKIYHKCDNACIGSIRNETYDHNVYRDEALNNRFQIKGVELKSGYKDWILWISFAMSCFLLCIALLGFIMWACQKGNIRCNICI	CAAAACATACCTGGAAATGACAATAGCACGGCAACGCTGTGCCTTGGGCACCATGCAGTACCAAACGGAACGATAGTGAAAACAATCACAAATGACCGAATTGAAGTTACTAATGCTACTGAGTTGGTTCAGAATTCATCAATAGGTAAAATATGCAACAGTCCTCATCAGATCCTTGATGGAGGGAACTGCACACTAATAGATGCTCTATTGGGGGACCCTCAGTGTGACGGCTTTCAGAATAAGGAATGGGACCTTTTTGTTGAACGAAGCAGAGCCAACAGCAGCTGTTACCCTTATGATGTGCCGGATTATGCCTCCCTTAGGTCACTAGTTGCCTCATCCGGAACACTGGAGTTTAAAGATGAAAGCTTCAATTGGACCGGAGTCAAACAAAACGGGAAAAGTTCTGCGTGCAAAAGGGGATCTAATAGTAGTTTTTTTAGTAGATTAAATTGGTTGACCAGCTTAGACAACAAATATCCAGCACAGAACGTAACTATGCCAAACAAGGAACGATTTGACAAATTGTACATTTGGGGGGTTCATCATCCGGACACGGACAGGAACCAATTCTCCCTGTTTGCTCAATCATCAGGAAGAATCACAGTATCTACCAAAAGAAGCCAACAAGCTGTAATCCCAAATATCGGATCTAGACCCAAAGTAAGGGATATCCCTAGCAGAATAAGCATCTATTGGACAATAGTAAAACCGGGAGACATACTTTTGATTAACAGCACAGGGAATCTAATTGCTCCTAGGGGTTACTTCAAAATACGAAGTGGAAAAAGCTCAATAATGAGATCAGACGCACCCATTGGCGAATGTAAGTCAGAATGCATCACTCCAAATGGAAGCATTCCCAATGACAAACCGTTCCAAAATGTAAACAGGATCACATACGGGGCCTGTCCCAGATACGTTAAGCAAAGCACCCTGAAATTGGCAACAGGAATGCGAAATGTACCTGAGAAACAAGCCAGAGGCATATTTGGTGCAATAGCGGGCTTCATAGAAAATGGATGGGAGGGAATGGTGGATGGTTGGTACGGTTTCAGGCATCAAAATTCTGAGGGAAGAGGACAAGCAGCAGATCTCAAAAGCACTCAAGCAGCAATCGATCAAATCAATGGGAAGCTGAATCGATTGATCGGAAAAACCAATGAGAAATTCCATCAGATTGAAAAAGAATTCTCAGAAGTAGAAGGAAGAGTTCAAGACCTTGAGAAATATGTTGAGGACACTAAAATAGATCTCTGGTCATACAACGCGGAGCTTCTTGTTGCCCTGGAGAACCAACATACGATTGACCTAACTGACTCAGAAATGAACAAGCTGTTTGAAAAAACAAAGAAACAACTGAGGGAAAATGCTGAGGATATGGGAAATGGTTGTTTCAAAATATACCACAAATGTGACAATGCCTGCATAGGATCAATAAGAAATGAAACTTATGACCACAATGTGTACAGGGATGAAGCATTAAACAACCGGTTCCAAATCAAGGGAGTTGAGCTGAAGTCAGGGTACAAAGATTGGATCCTATGGATTTCCTTTGCCATGTCATGTTTTTTGCTTTGTATTGCTTTGTTGGGGTTCATCATGTGGGCCTGCCAAAAGGGCAACATTAGGTGCAACATTTGCATT	kondorr_h3n2.txt	2026-04-08
H3N2	A/Badajoz/18813527/2026	K:R33Q	PZ059238	QNIPGNDNSTATLCLGHHAVPNGTIVKTITNDQIEVTNATELVQNSSIGKICNSPHQILDGGNCTLIDALLGDPQCDGFQNKEWDLFVERSRANSSCYPYDVPDYASLRSLVASSGTLEFKDESFNWTGVKQNGKSSACKRGSNSSFFSRLNWLTSLDNKYPAQNVTMPNKERFDKLYIWGVHHPDTDRNQFSLFAQSSGRITVSTKRSQQAVIPNIGSRPRVRDIPSRISIYWTIVKPGDILLINSTGNLIAPRGYFKIRSGKSSIMRSDAPIGECKSECITPNGSIPNDKPFQNVNRITYGACPRYVKQSTLKLATGMRNVPEKQARGIFGAIAGFIENGWEGMVDGWYGFRHQNSEGRGQAADLKSTQAAIDQINGKLNRLIGKTNEKFHQIEKEFSEVEGRVQDLEKYVEDTKIDLWSYNAELLVALENQHTIDLTDSEMNKLFEKTKKQLRENAEDMGNGCFKIYHKCDNACIGSIRNETYDHNVYRDEALNNRFQIKGVELKSGYKDWILWISFAMSCFLLCIALLGFIMWACQKGNIRCNICI	CAAAACATACCTGGAAATGACAATAGCACGGCAACGCTGTGCCTTGGGCACCATGCAGTACCAAACGGAACGATAGTGAAAACAATCACAAATGACCAAATTGAAGTTACTAATGCTACTGAGTTGGTTCAGAATTCATCAATAGGTAAAATATGCAACAGTCCTCATCAGATCCTTGATGGAGGGAACTGCACACTAATAGATGCTCTATTGGGGGACCCTCAGTGTGACGGCTTTCAGAATAAGGAATGGGACCTTTTTGTTGAACGAAGCAGAGCCAACAGCAGCTGTTACCCTTATGATGTGCCGGATTATGCCTCCCTTAGGTCACTAGTTGCCTCATCCGGAACACTGGAGTTTAAAGATGAAAGCTTCAATTGGACCGGAGTCAAACAAAACGGGAAAAGTTCTGCGTGCAAAAGGGGATCTAATAGTAGTTTTTTTAGTAGATTAAATTGGTTGACCAGCTTAGACAACAAATATCCAGCACAGAACGTAACTATGCCAAACAAGGAACGATTTGACAAATTGTACATTTGGGGGGTTCATCATCCGGACACGGACAGGAACCAATTCTCCCTGTTTGCTCAATCATCAGGAAGAATCACAGTATCTACCAAAAGAAGCCAACAAGCTGTAATCCCAAATATCGGATCTAGACCCAGAGTAAGGGATATCCCTAGCAGAATAAGCATCTATTGGACAATAGTAAAACCGGGAGACATACTTTTGATTAACAGCACAGGGAATCTAATTGCTCCTAGGGGTTACTTCAAAATACGAAGTGGAAAAAGCTCAATAATGAGATCAGACGCACCCATTGGCGAATGTAAGTCAGAATGCATCACTCCAAATGGAAGCATTCCCAATGACAAACCGTTCCAAAATGTAAACAGGATCACATACGGGGCCTGTCCCAGATACGTTAAGCAAAGCACCCTGAAATTGGCAACAGGAATGCGAAATGTACCTGAGAAACAAGCCAGAGGCATATTTGGTGCAATAGCGGGCTTCATAGAAAATGGATGGGAGGGAATGGTGGATGGTTGGTACGGTTTCAGGCATCAAAATTCTGAGGGAAGAGGACAAGCAGCAGATCTCAAAAGCACTCAAGCAGCAATCGATCAAATCAATGGGAAGCTGAATCGATTGATCGGGAAAACCAATGAGAAATTCCATCAGATTGAAAAAGAATTCTCAGAAGTAGAAGGAAGAGTTCAAGACCTTGAGAAATATGTTGAGGACACTAAAATAGATCTCTGGTCATACAACGCGGAGCTTCTTGTTGCCCTGGAGAACCAACATACGATTGACCTAACTGACTCAGAAATGAACAAGCTGTTTGAAAAAACAAAGAAACAACTGAGGGAAAATGCTGAGGATATGGGAAATGGTTGTTTCAAAATATACCACAAATGTGACAATGCCTGCATAGGATCAATAAGAAATGAAACTTATGACCACAATGTGTACAGGGATGAAGCATTAAACAACCGGTTCCAAATCAAGGGAGTTGAGCTGAAGTCAGGGTACAAAGATTGGATCCTATGGATTTCCTTTGCCATGTCATGTTTTTTGCTTTGTATTGCTTTGTTGGGGTTCATCATGTGGGCCTGCCAAAAGGGCAACATTAGGTGCAACATTTGCATT	kondorr_h3n2.txt	2026-03-25
H3N2	A/California/NIRC-IS-1067/2026	K:G62R	PZ444517	QNIPGNDNSTATLCLGHHAVPNGTIVKTITNDRIEVTNATELVQNSSIGKICNSPHQILDGRNCTLIDALLGDPQCDGFQNKEWDLFVERSRANSSCYPYDVPDYASLRSLVASSGTLEFKDESFNWTGVKQNGKSSACKRGSNSSFFSRLNWLTSLDNKYPAQNVTMPNKERFDKLYIWGVHHPDTDRNQFSLFAQSSGRITVSTKRSQQAVIPNIGSRPRVRDIPSRISIYWTIVKPGDILLINSTGNLIAPRGYFKIRSGKSSIMRSDAPIGECKSECITPNGSIPNDKPFQNVNRITYGACPRYVKQSTLKLATGMRNVPEKQARGIFGAIAGFIENGWEGMVDGWYGFRHQNSEGRGQAADLKSTQAAIDQINGKLNRLIGKTNEKFHQIEKEFSEVEGRVQDLEKYVEDTKIDLWSYNAELLVALENQHTIDLTDSEMNKLFEKTKKQLRENAEDMGNGCFKIYHKCDNACIGSIRNETYDHNVYRDEALNNRFQIKGVELKSGYKDWILWISFAMSCFLLCIALLGFIMWACQKGNIRCNICI	CAAAACATACCTGGAAATGACAATAGCACGGCAACGCTGTGCCTTGGGCACCATGCAGTACCAAACGGAACGATAGTGAAAACAATCACAAATGACCGAATTGAAGTTACTAATGCTACTGAGTTGGTTCAGAATTCATCAATAGGTAAAATATGCAACAGTCCTCATCAGATCCTTGATGGAAGGAACTGCACACTAATAGATGCTCTATTGGGGGACCCTCAGTGTGACGGCTTTCAGAATAAGGAGTGGGACCTTTTTGTTGAACGAAGCAGAGCCAACAGCAGCTGTTACCCTTATGATGTGCCGGATTATGCCTCCCTTAGGTCACTAGTTGCCTCATCCGGAACACTGGAGTTTAAAGATGAAAGCTTCAATTGGACCGGAGTCAAACAAAACGGGAAAAGTTCTGCGTGCAAAAGGGGATCTAATAGTAGTTTTTTTAGTAGATTAAATTGGTTGACCAGCTTAGACAACAAATATCCAGCACAGAACGTGACTATGCCAAACAAGGAACGATTTGACAAATTGTACATTTGGGGGGTTCATCATCCGGACACGGACAGGAACCAATTCTCCCTGTTTGCTCAATCATCAGGAAGAATCACAGTATCTACCAAAAGAAGCCAACAAGCTGTAATCCCAAATATCGGATCTAGACCCAGAGTAAGGGATATCCCTAGCAGAATAAGCATCTATTGGACAATAGTAAAACCGGGAGACATACTTTTGATTAACAGCACAGGGAATCTAATTGCTCCTAGGGGTTACTTCAAAATACGAAGTGGAAAAAGCTCAATAATGAGATCAGACGCACCCATTGGCGAATGTAAGTCAGAATGCATCACTCCAAATGGAAGCATTCCCAATGACAAACCGTTCCAAAATGTAAACAGGATCACATACGGGGCCTGTCCCAGATACGTTAAGCAAAGCACCCTGAAATTGGCAACAGGAATGCGAAATGTACCTGAGAAACAAGCCAGAGGCATATTTGGTGCAATAGCGGGCTTCATAGAAAATGGATGGGAGGGAATGGTGGATGGTTGGTACGGTTTCAGGCATCAAAATTCTGAGGGAAGAGGACAAGCAGCAGATCTCAAAAGCACTCAAGCAGCAATCGATCAAATCAATGGGAAGCTGAATCGATTGATCGGAAAAACCAATGAGAAATTCCATCAGATTGAAAAAGAATTCTCAGAAGTAGAAGGAAGAGTTCAAGACCTTGAGAAATATGTTGAGGACACTAAAATAGATCTCTGGTCATACAACGCGGAGCTTCTTGTTGCCCTGGAGAACCAACATACGATTGACCTAACTGACTCAGAAATGAACAAGCTGTTTGAAAAAACAAAGAAACAACTGAGGGAAAATGCTGAGGATATGGGAAATGGTTGTTTCAAAATATACCACAAATGTGACAATGCCTGCATAGGATCAATAAGAAATGAAACTTATGACCACAATGTGTACAGGGATGAAGCATTAAACAACCGGTTCCAAATCAAGGGAGTTGAGCTGAAGTCAGGGTACAAAGATTGGATCCTATGGATTTCCTTTGCCATGTCATGTTTTTTGCTTTGTATTGCTTTGTTGGGGTTCATCATGTGGGCCTGCCAAAAGGGCAACATTAGGTGCAACATTTGCATT	kondorr_h3n2.txt	2026-04-19
H3N2	A/Netherlands/53/2026	K:A272T	PZ477190	QNIPGNDNSTATLCLGHHAVPNGTIVKTITNDRIEVTNATELVQNSSIGKICNSPHQILDGGNCTLIDALLGDPQCDGFQNKEWDLFVERSRANSSCYPYDVPDYASLRSLVASSGTLEFKDESFNWTGVKQNGKSSACKRGSNSSFFSRLNWLTSLDNKYPAQNVTMPNKERFDKLYIWGVHHPDTDRNQFSLFAQSSGRITVSTKRSQQAVIPNIGSRPRVRDIPSRISIYWTIVKPGDILLINSTGNLIAPRGYFKIRSGKSSIMRSDTPIGECKSECITPNGSIPNDKPFQNVNRITYGACPRYVKQSTLKLATGMRNVPEKQARGIFGAIAGFIENGWEGMVDGWYGFRHQNSEGRGQAADLKSTQAAIDQINGKLNRLIGKTNEKFHQIEKEFSEVEGRVQDLEKYVEDTKIDLWSYNAELLVALENQHTIDLTDSEMNKLFEKTKKQLRENAEDMGNGCFKIYHKCDNACIGSIRNETYDHNVYRDEALNNRFQIKGVELKSGYKDWILWISFAMSCFLLCIALLGFIMWACQKGNIRCNICI	CAAAACATACCTGGAAATGACAATAGCACGGCAACGCTGTGCCTTGGGCACCATGCAGTACCAAACGGAACGATAGTGAAAACAATCACAAATGACCGAATTGAAGTTACTAATGCTACTGAGTTGGTTCAGAATTCATCAATAGGTAAAATATGCAACAGTCCTCATCAGATCCTTGATGGAGGGAACTGCACACTAATAGATGCTCTATTGGGGGACCCTCAGTGTGACGGCTTTCAGAATAAGGAATGGGACCTTTTTGTTGAACGAAGCAGAGCCAACAGCAGCTGTTACCCTTATGATGTGCCGGATTATGCCTCCCTTAGATCACTAGTTGCCTCATCCGGAACACTGGAGTTTAAAGATGAAAGCTTCAATTGGACCGGAGTCAAACAAAACGGGAAAAGTTCTGCGTGCAAAAGGGGATCTAATAGTAGTTTTTTTAGTAGATTAAATTGGTTGACCAGCTTAGACAACAAATATCCAGCACAGAACGTGACTATGCCAAACAAGGAACGATTTGACAAATTGTACATTTGGGGGGTTCATCATCCGGACACGGACAGGAACCAATTCTCCCTGTTTGCTCAATCATCAGGAAGAATCACAGTATCTACCAAAAGAAGCCAACAAGCTGTAATCCCAAATATCGGATCTAGACCCAGAGTAAGGGATATCCCTAGCAGAATAAGCATCTATTGGACAATAGTGAAACCGGGAGACATACTTTTGATTAACAGCACAGGGAATCTAATTGCTCCTAGGGGTTACTTCAAAATACGAAGTGGAAAAAGCTCAATAATGAGATCAGACACACCCATTGGCGAATGTAAGTCAGAATGCATCACTCCAAATGGAAGCATTCCCAATGACAAACCGTTCCAAAATGTAAACAGGATCACATACGGGGCCTGTCCCAGATACGTTAAGCAAAGCACCCTGAAATTGGCAACAGGAATGCGAAATGTACCTGAGAAACAAGCCAGAGGCATATTTGGTGCAATAGCGGGCTTCATAGAAAATGGATGGGAGGGAATGGTGGATGGTTGGTACGGTTTCAGGCATCAAAATTCTGAGGGAAGAGGACAAGCAGCAGATCTCAAAAGCACTCAAGCAGCAATCGATCAAATCAATGGGAAGCTGAATCGATTGATCGGAAAAACCAATGAGAAATTCCATCAGATTGAAAAAGAATTCTCAGAAGTAGAAGGAAGAGTTCAAGACCTTGAGAAATATGTTGAGGACACTAAAATAGATCTCTGGTCATACAACGCGGAGCTTCTTGTTGCCCTGGAGAACCAACATACGATTGACCTAACTGACTCAGAAATGAACAAGCTGTTTGAAAAAACAAAGAAACAACTGAGGGAAAATGCTGAGGATATGGGAAATGGTTGTTTCAAAATATACCACAAATGTGACAATGCCTGCATAGGATCAATAAGAAATGAAACTTATGACCACAATGTGTACAGGGATGAAGCATTAAACAACCGGTTCCAAATCAAGGGAGTTGAGCTGAAGTCAGGGTACAAAGATTGGATCCTATGGATTTCCTTTGCCATGTCATGTTTTTTGCTTTGTATTGCTTTGTTGGGGTTCATCATGTGGGCCTGCCAAAAGGGCAACATTAGGTGCAACATTTGCATT	kondorr_h3n2.txt	2026-03-18
H3N2	A/BritishColumbia/RV00279-26/2025	K:N63S	PX751065_N63S	QNIPGNDNSTATLCLGHHAVPNGTIVKTITNDRIEVTNATELVQNSSIGKICNSPHQILDGGSCTLIDALLGDPQCDGFQNKEWDLFVERSRANSSCYPYDVPDYASLRSLVASSGTLEFKDESFNWTGVKQNGKSSACKRGSNSSFFSRLNWLTSLDNKYPAQNVTMPNKERFDKLYIWGVHHPDTDRNQFSLFAQSSGRITVSTKRSQQAVIPNIGSRPRVRDIPSRISIYWTIVKPGDILLINSTGNLIAPRGYFKIRSGKSSIMRSDAPIGECKSECITPNGSIPNDKPFQNVNRITYGACPRYVKQSTLKLATGMRNVPEKQARGIFGAIAGFIENGWEGMVDGWYGFRHQNSEGRGQAADLKSTQAAIDQINGKLNRLIGKTNEKFHQIEKEFSEVEGRVQDLEKYVEDTKIDLWSYNAELLVALENQHTIDLTDSEMNKLFEKTKKQLRENAEDMGNGCFKIYHKCDNACIGSIRNETYDHNVYRDEALNNRFQIKGVELKSGYKDWILWISFAMSCFLLCIALLGFIMWACQKGNIRCNICI	CAAAACATACCTGGAAATGACAATAGCACGGCAACGCTGTGCCTTGGGCACCATGCAGTACCAAACGGAACGATAGTGAAAACAATCACAAATGACCGAATTGAAGTTACTAATGCTACTGAGTTGGTTCAGAATTCATCAATAGGTAAAATATGCAACAGTCCTCATCAGATCCTTGATGGAGGGAGCTGCACACTAATAGATGCTCTATTGGGGGACCCTCAGTGTGACGGCTTTCAGAATAAGGAATGGGACCTTTTTGTTGAACGAAGCAGAGCCAACAGCAGCTGTTACCCTTATGATGTGCCGGATTATGCCTCCCTTAGGTCACTAGTTGCCTCATCCGGAACACTGGAGTTTAAAGATGAAAGCTTCAATTGGACCGGAGTCAAACAAAACGGGAAAAGTTCTGCGTGCAAAAGGGGATCTAATAGTAGTTTTTTTAGTAGATTAAATTGGTTGACCAGCTTAGACAACAAATATCCAGCACAGAACGTGACTATGCCAAACAAGGAACGATTTGACAAATTGTACATTTGGGGGGTTCATCATCCGGACACGGACAGGAACCAATTCTCCCTGTTTGCTCAATCATCAGGAAGAATCACAGTATCTACCAAAAGAAGCCAACAAGCTGTAATCCCAAATATCGGATCTAGACCCAGAGTAAGGGATATCCCTAGCAGAATAAGCATCTATTGGACAATAGTAAAACCGGGAGACATACTTTTGATTAACAGCACAGGGAATCTAATTGCTCCTAGGGGTTACTTCAAAATACGAAGTGGAAAAAGCTCAATAATGAGATCAGACGCACCCATTGGCGAATGTAAGTCAGAATGCATCACTCCAAATGGAAGCATTCCCAATGACAAACCGTTCCAAAATGTAAACAGGATCACATACGGGGCCTGTCCCAGATACGTTAAGCAAAGCACCCTGAAATTGGCAACAGGAATGCGAAATGTACCTGAGAAACAAGCCAGAGGCATATTTGGTGCAATAGCGGGCTTCATAGAAAATGGATGGGAGGGAATGGTGGATGGTTGGTACGGTTTCAGGCATCAAAATTCTGAGGGAAGAGGACAAGCAGCAGATCTCAAAAGCACTCAAGCAGCAATCGATCAAATCAATGGGAAGCTGAATCGATTGATCGGAAAAACCAATGAGAAATTCCATCAGATTGAAAAAGAATTCTCAGAAGTAGAAGGAAGAGTTCAAGACCTTGAGAAATATGTTGAGGACACTAAAATAGATCTCTGGTCATACAACGCGGAGCTTCTTGTTGCCCTGGAGAACCAACATACGATTGACCTAACTGACTCAGAAATGAACAAGCTGTTTGAAAAAACAAAGAAACAACTGAGGGAAAATGCTGAGGATATGGGAAATGGTTGTTTCAAAATATACCACAAATGTGACAATGCCTGCATAGGATCAATAAGAAATGAAACTTATGACCACAATGTGTACAGGGATGAAGCATTAAACAACCGGTTTCAAATCAAGGGAGTTGAGCTGAAGTCAGGGTACAAAGATTGGATCCTATGGATTTCCTTTGCCATGTCATGTTTTTTGCTTTGTATTGCTTTGTTGGGGTTCATCATGTGGGCCTGCCAAAAAGGCAACATTAGGTGCAACATTTGCATT	kondorr_h3n2.txt	2026-03-19
H3N2	A/Ireland/91576/2025	K:F79I,K207Q	PZ019860	QNIPGNDNSTATLCLGHHAVPNGTIVKTITNDRIEVTNATELVQNSSIGKICNSPHQILDGGNCTLIDALLGDPQCDGIQNKEWDLFVERSRANSSCYPYDVPDYASLRSLVASSGTLEFKDESFNWTGVKQNGKSSACKRGSNSSFFSRLNWLTSLDNKYPAQNVTMPNKERFDKLYIWGVHHPDTDRNQFSLFAQSSGRITVSTQRSQQAVIPNIGSRPRVRDIPSRISIYWTIVKPGDILLINSTGNLIAPRGYFKIRSGKSSIMRSDAPIGECKSECITPNGSIPNDKPFQNVNRITYGACPRYVKQSTLKLATGMRNVPEKQARGIFGAIAGFIENGWEGMVDGWYGFRHQNSEGRGQAADLKSTQAAIDQINGKLNRLIGKTNEKFHQIEKEFSEVEGRVQDLEKYVEDTKIDLWSYNAELLVALENQHTIDLTDSEMNKLFEKTKKQLRENAEDMGNGCFKIYHKCDNACIGSIRNETYDHNVYRDEALNNRFQIKGVELKSGYKDWILWISFAMSCFLLCIALLGFIMWACQKGNIRCNICI	CAAAACATACCTGGAAATGACAATAGCACGGCAACGCTGTGCCTTGGGCACCATGCAGTACCAAACGGAACAATAGTGAAAACAATCACAAATGACCGAATTGAAGTTACTAATGCTACTGAGTTGGTTCAGAATTCATCAATAGGTAAAATATGCAACAGTCCTCATCAGATCCTTGATGGAGGGAACTGCACACTGATAGATGCTCTATTGGGGGACCCTCAGTGTGACGGCATTCAGAATAAGGAATGGGACCTTTTTGTTGAACGAAGCAGAGCCAACAGCAGCTGTTACCCTTATGATGTGCCGGATTATGCCTCCCTTAGGTCACTAGTTGCCTCATCCGGAACACTGGAGTTTAAAGATGAAAGCTTCAATTGGACCGGAGTCAAACAAAACGGGAAAAGTTCTGCGTGCAAAAGGGGATCTAATAGTAGTTTTTTTAGTAGATTAAATTGGTTGACCAGCTTAGACAACAAATATCCAGCACAGAACGTGACTATGCCCAACAAGGAACGATTTGACAAATTGTACATTTGGGGGGTTCATCATCCGGACACGGACAGGAACCAATTCTCCCTGTTTGCTCAATCATCAGGAAGAATCACAGTATCTACCCAAAGAAGCCAACAAGCTGTAATCCCAAATATCGGATCTAGACCCAGAGTAAGGGATATCCCTAGCAGAATAAGCATCTATTGGACAATAGTAAAACCGGGAGACATACTTTTGATTAACAGCACAGGGAATCTAATTGCTCCTAGGGGTTACTTCAAAATACGAAGTGGAAAAAGCTCAATAATGAGATCAGACGCACCCATTGGCGAATGTAAGTCAGAATGCATCACTCCAAATGGAAGCATTCCCAATGACAAACCGTTCCAAAATGTAAACAGGATCACATACGGGGCCTGTCCCAGATACGTTAAGCAAAGCACTCTGAAATTGGCAACAGGAATGCGAAATGTACCTGAGAAACAAGCCAGAGGCATATTTGGTGCAATAGCGGGCTTCATAGAAAATGGATGGGAGGGAATGGTGGATGGTTGGTACGGTTTCAGGCATCAAAATTCTGAGGGAAGAGGACAAGCAGCAGATCTCAAAAGCACTCAAGCAGCAATCGATCAAATCAATGGGAAGCTGAATCGATTGATCGGAAAAACCAATGAGAAATTCCATCAGATTGAAAAAGAATTCTCAGAAGTAGAAGGAAGAGTTCAAGACCTTGAGAAATATGTTGAGGACACTAAAATAGATCTCTGGTCATACAACGCGGAGCTTCTTGTTGCCCTGGAGAACCAACATACGATTGACCTAACTGACTCAGAAATGAACAAGCTGTTTGAAAAAACAAAGAAACAACTGAGGGAAAATGCTGAGGATATGGGAAATGGTTGTTTCAAAATATACCACAAATGTGACAATGCCTGCATAGGATCAATAAGAAATGAAACTTATGACCACAATGTGTACAGGGATGAAGCATTAAACAACCGGTTCCAAATCAAGGGAGTTGAGCTGAAGTCAGGGTACAAAGATTGGATCCTATGGATTTCCTTTGCCATGTCATGTTTTTTGCTTTGTATTGCTTTGTTGGGGTTCATCATGTGGGCCTGCCAAAAGGGCAACATTAGGTGCAACATTTGCATT	kondorr_h3n2.txt	2026-04-06
H3N2	A/StPetersburg/RII-25-2116S/2025	K:Q80K	PZ001144	QNIPGNDNSTATLCLGHHAVPNGTIVKTITNDRIEVTNATELVQNSSIGKICNSPHQILDGGNCTLIDALLGDPQCDGFKNKEWDLFVERSRANSSCYPYDVPDYASLRSLVASSGTLEFKDESFNWTGVKQNGKSSACKRGSNSSFFSRLNWLTSLDNKYPAQNVTMPNKERFDKLYIWGVHHPDTDRNQFSLFAQSSGRITVSTKRSQQAVIPNIGSRPRVRDIPSRISIYWTIVKPGDILLINSTGNLIAPRGYFKIRSGKSSIMRSDAPIGECKSECITPNGSIPNDKPFQNVNRITYGACPRYVKQSTLKLATGMRNVPEKQARGIFGAIAGFIENGWEGMVDGWYGFRHQNSEGRGQAADLKSTQAAIDQINGKLNRLIGKTNEKFHQIEKEFSEVEGRIQDLEKYVEDTKIDLWSYNAELLVALENQHTIDLTDSEMNKLFEKTKKQLRENAEDMGNGCFKIYHKCDNACIGSIRNETYDHNVYRDEALNNRFQIKGVELKSGYKDWILWISFAMSCFLLCIALLGFIMWACQKGNIRCNICI	CAAAACATACCTGGAAATGACAATAGCACGGCAACGCTGTGCCTTGGGCACCATGCAGTACCAAACGGAACGATAGTGAAAACAATCACAAATGACCGAATTGAAGTTACTAATGCCACTGAGTTGGTTCAGAATTCATCAATAGGTAAAATATGCAACAGTCCTCATCAGATCCTTGATGGAGGGAACTGCACACTAATAGATGCTCTATTGGGGGACCCTCAGTGTGACGGCTTTAAGAATAAGGAATGGGACCTTTTTGTTGAACGAAGCAGAGCCAACAGCAGCTGTTACCCTTATGATGTGCCGGATTATGCCTCCCTTAGGTCACTAGTTGCCTCATCCGGAACACTGGAGTTTAAAGATGAAAGCTTCAATTGGACCGGAGTCAAACAAAACGGGAAAAGTTCTGCGTGCAAAAGGGGATCTAATAGTAGTTTTTTTAGTAGATTAAATTGGTTGACCAGCTTAGACAACAAATATCCAGCACAGAACGTGACTATGCCAAACAAGGAACGATTTGACAAATTGTACATTTGGGGGGTTCATCATCCGGACACGGACAGGAACCAATTCTCCCTGTTTGCTCAATCATCAGGAAGAATCACAGTATCTACCAAAAGAAGCCAACAAGCTGTAATCCCAAATATCGGATCTAGACCCAGAGTAAGGGATATCCCTAGCAGAATAAGCATCTATTGGACAATAGTAAAACCGGGAGACATACTTTTGATTAACAGCACAGGGAATCTAATTGCTCCTAGGGGTTACTTCAAAATACGAAGTGGAAAAAGCTCAATAATGAGATCAGACGCACCCATTGGCGAATGTAAGTCAGAATGCATCACTCCAAATGGAAGCATTCCCAATGACAAACCGTTCCAAAATGTAAACAGGATCACATACGGGGCCTGTCCCAGATACGTTAAGCAAAGCACCCTGAAATTGGCAACAGGAATGCGAAATGTACCTGAGAAACAAGCCAGAGGCATATTTGGTGCAATAGCGGGCTTCATAGAAAATGGATGGGAGGGAATGGTGGATGGTTGGTACGGTTTCAGGCATCAAAATTCTGAGGGAAGAGGACAAGCAGCAGATCTCAAAAGCACTCAAGCAGCAATCGATCAAATCAATGGGAAGCTGAATCGATTGATCGGAAAAACCAATGAGAAATTCCATCAGATTGAAAAAGAATTCTCAGAAGTAGAAGGAAGAATTCAAGACCTTGAGAAATATGTTGAGGACACTAAAATAGATCTCTGGTCATACAACGCGGAGCTTCTTGTTGCCCTGGAGAACCAACATACGATTGACCTAACTGACTCAGAAATGAACAAGCTGTTTGAAAAAACAAAGAAACAACTGAGGGAAAATGCTGAGGATATGGGAAATGGTTGTTTCAAAATATACCACAAATGTGACAATGCCTGCATAGGATCAATAAGAAATGAAACTTATGACCACAATGTGTACAGGGATGAAGCATTAAACAACCGGTTCCAAATCAAGGGAGTTGAGCTGAAGTCAGGGTACAAAGATTGGATCCTATGGATTTCCTTTGCCATGTCATGTTTTTTGCTTTGTATTGCTTTGTTGGGGTTCATCATGTGGGCCTGCCAAAAGGGCAACATTAGGTGCAACATTTGCATT	kondorr_h3n2.txt	2026-02-27
H3N2	A/Saskatchewan/SKFLU477299/2025	K:N144D,K278E	PZ464968_K189R	QNIPGNDNSTATLCLGHHAVPNGTIVKTITNDRIEVTNATELVQNSSIGKICNSPHQILDGGNCTLIDALLGDPQCDGFQNKEWDLFVERSRANSSCYPYDVPDYASLRSLVASSGTLEFKDESFNWTGVKQNGKSSACKRGSDSSFFSRLNWLTSLDNKYPAQNVTMPNKERFDKLYIWGVHHPDTDRNQFSLFAQSSGRITVSTKRSQQAVIPNIGSRPRVRDIPSRISIYWTIVKPGDILLINSTGNLIAPRGYFKIRSGKSSIMRSDAPIGECESECITPNGSIPNDKPFQNVNRITYGACPRYVKQSTLKLATGMRNVPEKQARGIFGAIAGFIENGWEGMVDGWYGFRHQNSEGRGQAADLKSTQAAIDQINGKLNRLIGKTNEKFHQIEKEFSEVEGRVQDLEKYVEDTKIDLWSYNAELLVALENQHTIDLTDSEMNKLFEKTKKQLRENAEDMGNGCFKIYHKCDNACIGSIRNETYDHNVYRDEALNNRFQIKGVELKSGYKDWILWISFAMSCFLLCIALLGFIMWACQKGNIRCNICI	CAAAACATACCTGGAAATGACAATAGCACGGCAACGCTGTGCCTTGGGCACCATGCAGTACCAAACGGAACGATAGTGAAAACAATCACAAATGACCGAATTGAAGTTACTAATGCTACTGAGTTGGTTCAGAATTCATCAATAGGTAAAATATGCAACAGTCCTCATCAGATCCTTGATGGAGGGAACTGCACACTAATAGATGCTCTATTGGGGGACCCTCAGTGTGACGGCTTTCAGAATAAGGAATGGGACCTTTTTGTTGAACGAAGCAGAGCCAACAGCAGCTGTTACCCTTATGATGTGCCGGATTATGCCTCCCTTAGGTCACTAGTTGCCTCATCCGGAACACTGGAGTTTAAAGATGAAAGCTTCAATTGGACCGGAGTCAAACAAAACGGGAAAAGTTCTGCGTGCAAAAGGGGATCTGATAGTAGTTTTTTTAGTAGATTAAATTGGTTGACCAGCTTAGACAACAAATATCCAGCACAGAACGTGACTATGCCAAACAAGGAACGATTTGACAAATTGTACATTTGGGGGGTTCATCATCCGGACACGGACCGCAACCAATTCTCCCTGTTTGCTCAATCATCAGGAAGAATCACAGTATCTACCAAAAGAAGCCAACAAGCTGTAATCCCAAATATCGGATCTAGACCCAGAGTAAGGGATATCCCTAGCAGAATAAGCATCTATTGGACAATAGTAAAACCGGGAGACATACTTTTGATTAACAGCACAGGGAATCTAATTGCTCCTAGGGGTTACTTCAAAATACGAAGTGGAAAAAGCTCAATAATGAGATCAGACGCACCCATTGGCGAATGTGAGTCAGAATGCATCACTCCAAATGGAAGCATTCCCAATGACAAACCGTTCCAAAATGTAAACAGGATCACATACGGGGCCTGTCCCAGATACGTTAAGCAAAGCACCCTGAAATTGGCAACAGGAATGCGAAATGTACCTGAGAAACAAGCCAGAGGCATATTTGGTGCAATAGCGGGCTTCATAGAAAATGGATGGGAGGGAATGGTGGATGGTTGGTACGGTTTCAGGCATCAAAATTCTGAGGGAAGAGGACAAGCAGCAGATCTCAAAAGCACTCAAGCAGCAATCGATCAAATCAATGGGAAGCTGAATCGATTGATCGGAAAAACCAATGAGAAATTCCATCAGATTGAAAAAGAATTCTCAGAAGTAGAAGGAAGAGTTCAAGACCTTGAGAAATATGTTGAGGACACTAAAATAGATCTCTGGTCATACAACGCGGAGCTTCTTGTTGCCCTGGAGAACCAACATACGATTGACCTAACTGACTCAGAAATGAACAAGCTGTTTGAAAAAACAAAGAAACAACTGAGGGAAAATGCTGAGGATATGGGAAATGGTTGTTTCAAAATATACCACAAATGTGACAATGCCTGCATAGGATCAATAAGAAATGAAACTTATGACCACAATGTGTACAGGGATGAAGCATTAAACAACCGGTTCCAAATCAAGGGAGTTGAGCTGAAGTCAGGGTACAAAGATTGGATCCTATGGATTTCCTTTGCCATGTCATGTTTTTTGCTTTGTATTGCTTTGTTGGGGTTCATCATGTGGGCCTGCCAAAAGGGCAACATTAGGTGCAACATTTGCATT	kondorr_h3n2.txt	2026-03-27
H3N2	A/Trieste/380/2026	K:G142E,S145N	PX917021_S145N	QNIPGNDNSTATLCLGHHAVPNGTIVKTITNDRIEVTNATELVQNSSIGKICNSPHQILDGGNCTLIDALLGDPQCDGFQNKEWDLFVERSRANSSCYPYDVPDYASLRSLVASSGTLEFKDESFNWTGVKQNGKSSACKRESNNSFFSRLNWLTSLDNKYPAQNVTMPNKERFDKLYIWGVHHPDTDRNQFSLFAQSSGRITVSTKRSQQAVIPNIGSRPRVRDIPSRISIYWTIVKPGDILLINSTGNLIAPRGYFKIRSGKSSIMRSDAPIGECKSECITPNGSIPNDKPFQNVNRITYGACPRYVKQSTLKLATGMRNVPEKQARGIFGAIAGFIENGWEGMVDGWYGFRHQNSEGRGQAADLKSTQAAIDQINGKLNRLIGKTNEKFHQIEKEFSEVEGRVQDLEKYVEDTKIDLWSYNAELLVALENQHTIDLTDSEMNKLFEKTKKQLRENAEDMGNGCFKIYHKCDNACIGSIRNETYDHNVYRDEALNNRFQIKGVELKSGYKDWILWISFAMSCFLLCIALLGFIMWACQKGNIRCNICI	CAAAACATACCTGGAAATGACAATAGCACGGCAACGCTGTGCCTTGGGCACCATGCAGTACCAAACGGAACGATAGTGAAAACAATCACAAATGACCGAATTGAAGTTACTAATGCTACTGAGTTGGTTCAGAATTCATCAATAGGTAAAATATGCAACAGTCCTCATCAGATCCTTGATGGAGGGAACTGCACACTAATAGATGCTCTATTGGGGGACCCTCAGTGTGACGGCTTTCAGAATAAGGAATGGGACCTTTTTGTTGAACGAAGCAGAGCCAACAGCAGCTGTTACCCTTATGATGTGCCGGATTATGCCTCCCTTAGGTCACTAGTTGCCTCATCCGGAACACTGGAGTTTAAAGATGAAAGCTTCAATTGGACCGGAGTCAAACAAAACGGGAAAAGTTCTGCGTGCAAAAGGGAATCTAATAACAGTTTTTTTAGTAGATTAAATTGGTTGACCAGCTTAGACAACAAATATCCAGCACAGAACGTGACTATGCCAAACAAGGAACGATTTGACAAATTGTACATTTGGGGGGTTCATCATCCGGACACGGACAGGAACCAATTCTCCCTGTTTGCTCAATCATCAGGAAGAATCACAGTATCTACCAAAAGAAGCCAACAAGCTGTAATCCCAAATATCGGATCTAGACCCAGAGTAAGGGATATCCCTAGCAGAATAAGCATCTATTGGACAATAGTAAAACCGGGAGACATACTTTTGATTAACAGCACAGGGAATCTAATTGCTCCTAGGGGTTACTTCAAAATACGAAGTGGAAAAAGCTCAATAATGAGATCAGACGCACCCATTGGCGAATGTAAGTCAGAATGCATCACTCCAAATGGAAGCATTCCCAATGACAAACCGTTCCAAAATGTAAACAGGATCACATACGGGGCCTGTCCCAGATACGTTAAGCAAAGCACCCTGAAATTGGCAACAGGAATGCGAAATGTACCTGAGAAACAAGCCAGAGGCATATTTGGTGCAATAGCGGGCTTCATAGAAAATGGATGGGAGGGAATGGTGGATGGTTGGTACGGTTTCAGGCATCAAAATTCTGAGGGAAGAGGACAAGCAGCAGATCTCAAAAGCACTCAAGCAGCAATCGATCAAATCAATGGGAAGCTGAATCGATTGATCGGAAAAACCAATGAGAAATTCCATCAGATTGAAAAAGAATTCTCAGAAGTAGAAGGAAGAGTTCAAGACCTTGAGAAATATGTTGAGGACACTAAAATAGATCTCTGGTCATACAACGCGGAGCTTCTTGTTGCCCTGGAGAACCAACATACGATTGACCTAACTGACTCAGAAATGAACAAGCTGTTTGAAAAAACAAAGAAACAACTGAGGGAAAATGCTGAGGATATGGGAAACGGTTGTTTCAAAATATATCACAAATGTGACAATGCCTGCATAGGATCAATAAGAAATGAAACTTATGACCACAATGTGTACAGGGATGAAGCATTAAACAACCGGTTCCAAATCAAGGGAGTTGAGCTGAAGTCAGGGTACAAAGATTGGATCCTATGGATTTCCTTTGCCATGTCATGTTTTTTGCTTTGTATTGCTTTGTTGGGGTTCATCATGTGGGCCTGCCAAAAGGGCAACATTAGGTGCAACATTTGCATT	kondorr_h3n2.txt	2026-03-19
H3N2	A/RiodeJaneiro/331/2026	J.2.3:S54N,N133D,S145N	PX840462	QKIPGNDNSTATLCLGHHAVPNGTIVKTITNDRIEVTNATELVQNSSIGKICNNPHQILDGGNCTLIDALLGDPQCDGFQNKEWDLFVERSRANSSCYPYDVPDYASLRSLVASSGTLEFKDESFNWTGVKQDGTSSACKRGSSNSFFSRLNWLTSLKNIYPAQNVTMPNKEQFDKLYIWGVHHPDTDRNQFSLFAQSSGRITVSTKRSQQAVIPNIGSRPRVRDIPSRISIYWTIVKPGDILLINSTGNLIAPRGYFKIRSGKSSIMRSDAPIGECKSECITPNGSIPNDKPFQNVNRITYGACPRYVKQSTLKLATGMRNVPEKQTRGIFGAIAGFIENGWEGMVDGWYGFRHQNSEGRGQAADLKSTQAAIDQINGKLNRLIGKTNEKFHQIEKEFSEVEGRVQDLEKYVEDTKIDLWSYNAELLVALENQHTIDLTDSEMNKLFEKTKKQLRENAEDMGNGCFKIYHKCDNACIGSIRNETYDHNVYRDEALNNRFQIKGVELKSGYKDWILWISFAMSCFLLCIALLGFIMWACQKGNIRCNICI	CAAAAAATACCTGGAAATGACAATAGCACGGCAACGCTGTGCCTTGGGCACCATGCAGTACCAAACGGAACGATAGTGAAAACAATCACAAATGACCGAATTGAAGTTACTAATGCTACTGAGTTGGTTCAGAATTCATCAATAGGTAAAATATGCAACAACCCTCATCAGATCCTTGATGGAGGGAACTGCACACTAATAGATGCTCTATTGGGGGACCCTCAGTGTGACGGCTTTCAGAATAAGGAATGGGACCTTTTTGTTGAACGAAGCAGAGCCAACAGCAGCTGTTACCCTTATGATGTGCCGGATTATGCCTCCCTTAGGTCACTAGTTGCCTCATCCGGAACACTGGAGTTTAAAGATGAAAGCTTCAATTGGACTGGAGTCAAACAAGACGGAACAAGTTCTGCGTGCAAAAGGGGATCTAGTAATAGTTTTTTTAGTAGATTAAATTGGTTGACCAGCTTAAAGAACATATATCCAGCACAGAACGTGACTATGCCAAACAAGGAACAATTTGACAAATTGTACATTTGGGGGGTTCATCATCCGGATACGGACAGGAACCAATTCTCCCTGTTTGCTCAATCATCAGGAAGAATCACAGTATCTACCAAAAGAAGCCAACAAGCTGTAATCCCAAATATCGGATCTAGACCCAGAGTAAGGGATATCCCTAGCAGAATAAGCATCTATTGGACAATAGTAAAACCGGGAGACATACTTTTGATTAACAGCACAGGGAATCTAATTGCTCCTAGGGGTTACTTCAAAATACGAAGTGGGAAAAGCTCAATAATGAGATCAGACGCACCCATTGGCGAATGTAAGTCTGAATGCATCACTCCAAATGGAAGCATTCCCAATGACAAACCGTTCCAAAATGTAAACAGGATCACATACGGGGCCTGTCCCAGATACGTTAAGCAAAGCACCCTGAAATTGGCAACAGGAATGCGAAATGTACCTGAGAAACAAACCAGAGGCATATTTGGTGCAATAGCGGGTTTCATAGAAAATGGATGGGAGGGAATGGTGGATGGTTGGTACGGTTTCAGGCATCAAAATTCTGAGGGAAGAGGACAAGCAGCAGATCTCAAAAGCACTCAAGCAGCAATCGATCAAATCAATGGGAAGCTGAATCGATTGATCGGAAAAACCAACGAGAAATTCCATCAGATTGAAAAAGAATTCTCAGAAGTAGAAGGAAGAGTTCAAGACCTTGAGAAATATGTTGAGGACACTAAAATAGATCTCTGGTCATACAACGCGGAGCTTCTTGTTGCCCTGGAGAACCAACATACGATTGACCTAACTGACTCAGAAATGAACAAGCTGTTTGAAAAAACAAAGAAGCAACTGAGGGAAAATGCTGAGGATATGGGAAATGGTTGTTTCAAAATATACCACAAATGTGACAATGCCTGCATAGGATCAATAAGAAATGAAACTTATGACCACAATGTGTACAGGGATGAAGCATTAAACAACCGGTTCCAGATCAAGGGAGTTGAGCTGAAGTCAGGGTACAAAGATTGGATCCTATGGATTTCCTTTGCCATGTCATGTTTTTTGCTTTGCATTGCTTTGTTGGGGTTCATCATGTGGGCCTGCCAAAAGGGCAACATCAGATGCAACATTTGCATT	kondorr_h3n2.txt	2026-01-16
H3N2	A/Navarra/260009/2025	K:P239S,A272V	PZ174617	QNIPGNDNSTATLCLGHHAVPNGTIVKTITNDRIEVTNATELVQNSSIGKICNSPHQILDGGNCTLIDALLGDPQCDGFQNKEWDLFVERSRANSSCYPYDVPDYASLRSLVASSGTLEFKDESFNWTGVKQNGKSSACKRGSNSSFFSRLNWLTSLDNKYPAQNVTMPNKERFDKLYIWGVHHPDTDRNQFSLFAQSSGRITVSTKRSQQAVIPNIGSRPRVRDIPSRISIYWTIVKSGDILLINSTGNLIAPRGYFKIRSGKSSIMRSDVPIGECKSECITPNGSIPNDKPFQNVNRITYGACPRYVKQSTLKLATGMRNVPEKQARGIFGAIAGFIENGWEGMVDGWYGFRHQNSEGRGQAADLKSTQAAIDQINGKLNRLIGKTNEKFHQIEKEFSEVEGRVQDLEKYVEDTKIDLWSYNAELLVALENQHTIDLTDSEMNKLFEKTKKQLRENAEDMGNGCFKIYHKCDNACIGSIRNETYDHNVYRDEALNNRFQLKGVELKSGYKDWILWISFAMSCFLLCIALLGFIMWACQKGNIRCNICI	CAAAACATACCTGGAAATGACAATAGCACGGCAACGCTGTGCCTTGGGCACCATGCAGTACCAAACGGAACGATAGTGAAAACAATCACAAATGACCGAATTGAAGTTACTAATGCTACTGAGTTGGTTCAGAATTCATCAATAGGTAAAATATGCAACAGTCCTCATCAGATTCTTGATGGAGGGAACTGCACACTAATAGATGCTCTATTGGGGGACCCTCAGTGTGACGGCTTTCAGAATAAGGAATGGGACCTTTTTGTTGAACGAAGCAGAGCCAACAGCAGCTGTTACCCTTATGATGTGCCGGATTATGCCTCCCTTAGGTCACTAGTTGCCTCATCCGGAACACTGGAGTTTAAAGATGAAAGCTTCAATTGGACCGGAGTCAAACAAAACGGGAAAAGTTCTGCGTGCAAAAGGGGATCTAATAGTAGTTTTTTTAGTAGATTAAATTGGTTGACCAGCTTAGACAACAAATATCCAGCACAGAACGTGACTATGCCAAACAAGGAACGATTTGACAAATTGTACATTTGGGGGGTTCATCATCCGGACACGGACAGGAACCAATTCTCCCTGTTTGCTCAATCATCAGGAAGAATCACAGTATCTACCAAAAGAAGCCAACAAGCTGTAATCCCAAATATCGGATCTAGACCCAGAGTAAGGGATATCCCTAGCAGAATAAGCATCTATTGGACAATAGTAAAATCGGGAGACATACTTTTGATTAACAGCACAGGGAATCTAATTGCTCCTAGGGGTTACTTCAAAATACGAAGTGGAAAAAGCTCAATAATGAGATCAGACGTACCCATTGGCGAATGTAAGTCAGAATGCATCACTCCAAATGGAAGCATTCCCAATGACAAACCGTTCCAAAATGTAAACAGGATCACATACGGGGCCTGTCCCAGATACGTTAAGCAAAGCACCCTGAAATTGGCAACAGGAATGCGAAATGTACCTGAGAAACAAGCCAGAGGCATATTTGGTGCAATAGCGGGCTTCATAGAAAATGGATGGGAGGGAATGGTGGATGGTTGGTACGGTTTCAGGCATCAAAATTCTGAGGGAAGAGGACAAGCAGCAGATCTCAAAAGCACTCAAGCAGCAATCGATCAAATCAATGGGAAGCTGAATCGATTGATCGGAAAAACCAATGAGAAATTCCATCAGATTGAAAAAGAATTCTCAGAAGTAGAAGGAAGAGTTCAAGACCTTGAGAAATATGTTGAGGACACTAAAATAGATCTCTGGTCATACAACGCGGAGCTTCTTGTTGCCCTGGAGAACCAACATACGATTGACCTAACTGACTCAGAAATGAACAAGCTGTTTGAAAAAACAAAGAAACAACTGAGGGAAAATGCTGAGGATATGGGAAATGGTTGTTTCAAAATATACCACAAATGTGACAATGCCTGCATAGGATCAATAAGAAATGAAACTTATGACCACAATGTGTACAGGGATGAAGCATTAAACAACCGGTTCCAACTCAAGGGAGTTGAGCTGAAGTCAGGGTACAAAGATTGGATCCTATGGATTTCCTTTGCCATGTCATGTTTTTTGCTTTGTATTGCTTTGTTGGGGTTCATCATGTGGGCCTGCCAAAAGGGCAACATTAGGTGCAACATTTGCATT	kondorr_h3n2.txt	2026-02-26
H3N2	A/Bolivia/OR5702/2025	J.2.3:S54N,G78S,S145N,N216H	PX842198	QKIPGNDNSTATLCLGHHAVPNGTIVKTITNDRIEVTNATELVQNSSIGKICNNPHQILDGGNCTLIDALLGDPQCDSFQNKEWDLFVERSRANSSCYPYDVPDYASLRSLVASSGTLEFKDESFNWTGVKQNGTSSACKRGSSNSFFSRLNWLTSLKNIYPAQNVTMPNKEQFDKLYIWGVHHPDTDRNQFSLFAQSSGRITVSTKRSQQAVIPHIGSRPRVRDIPSRISIYWTIVKPGDILLINSTGNLIAPRGYFKIRSGKSSIMRSDAPIGECKSECITPNGSIPNDKPFQNVNRITYGACPRYVKQSTLKLATGMRNVPEKQTRGIFGAIAGFIENGWEGMVDGWYGFRHQNSEGRGQAADLKSTQAAIDQINGKLNRLIGKTNEKFHQIEKEFSEVEGRVQDLEKYVEDTKIDLWSYNAELLVALENQHTIDLTDSEMNKLFEKTKKQLRENAEDMGNGCFKIYHKCDNACIGSIRNETYDHNVYRDEALNNRFQIKGVELKSGYKDWILWISFAMSCFLLCIALLGFIMWACQKGNIRCNICI	CAAAAAATACCTGGAAATGACAATAGCACGGCAACGCTGTGCCTTGGGCACCATGCAGTACCAAACGGAACGATAGTGAAAACAATCACAAATGACCGAATTGAAGTTACTAATGCTACTGAGTTGGTTCAGAATTCATCAATAGGTAAAATATGCAACAATCCTCATCAGATCCTTGATGGAGGGAACTGCACACTAATAGATGCTCTATTGGGGGACCCTCAGTGTGACAGCTTTCAGAATAAGGAATGGGACCTTTTTGTTGAACGAAGCAGAGCCAACAGCAGCTGTTACCCTTATGATGTGCCGGATTATGCCTCCCTTAGGTCACTAGTTGCCTCATCCGGAACACTGGAGTTTAAAGATGAAAGCTTCAATTGGACCGGAGTCAAACAAAACGGAACAAGTTCTGCGTGCAAAAGGGGATCTAGTAATAGTTTTTTTAGTAGATTAAATTGGTTGACCAGCTTAAAGAACATATATCCAGCACAGAACGTGACTATGCCAAACAAGGAACAATTTGACAAATTGTACATTTGGGGGGTTCATCATCCGGATACGGACAGGAACCAATTCTCCCTGTTTGCTCAATCATCAGGAAGAATCACAGTATCTACCAAAAGAAGCCAACAAGCTGTAATCCCACATATCGGATCTAGACCCAGAGTAAGGGATATCCCTAGCAGAATAAGCATCTATTGGACAATAGTAAAACCGGGAGACATACTTTTGATTAACAGCACAGGGAATCTAATTGCTCCTAGGGGTTACTTCAAAATACGAAGTGGGAAAAGCTCAATAATGAGATCAGACGCACCCATTGGCGAATGTAAGTCTGAATGCATCACTCCAAATGGAAGCATTCCCAATGACAAACCGTTCCAAAATGTAAACAGGATCACATACGGGGCCTGTCCCAGATACGTTAAGCAAAGCACCCTGAAATTGGCAACAGGAATGCGAAATGTACCTGAGAAACAAACCAGAGGCATATTTGGTGCAATAGCGGGTTTCATAGAAAATGGATGGGAGGGAATGGTGGATGGTTGGTACGGTTTCAGGCATCAAAATTCTGAGGGAAGAGGACAAGCAGCAGATCTCAAAAGCACTCAAGCAGCAATCGATCAAATCAATGGGAAGCTGAATCGATTGATCGGAAAAACCAACGAGAAATTCCATCAGATTGAAAAAGAATTCTCAGAAGTAGAAGGAAGAGTTCAAGACCTTGAGAAATATGTTGAGGACACTAAAATAGATCTCTGGTCATACAACGCGGAGCTTCTTGTTGCCCTGGAGAACCAACATACGATTGACCTAACTGACTCAGAAATGAACAAGCTGTTTGAAAAAACAAAGAAGCAACTGAGGGAAAATGCTGAGGATATGGGAAATGGTTGTTTCAAAATATACCACAAATGTGACAATGCCTGCATAGGATCAATAAGAAATGAAACTTATGACCACAATGTGTACAGGGATGAAGCATTAAACAACCGGTTCCAGATCAAGGGAGTTGAGTTGAAGTCAGGGTACAAAGATTGGATCCTATGGATTTCCTTTGCCATGTCATGTTTTTTGCTTTGCATTGCTTTGTTGGGGTTCATCATGTGGGCCTGCCAAAAGGGCAACATCAGATGCAACATTTGCATT	kondorr_h3n2.txt	2026-03-16
H1N1	A/SouthAfrica/NICD-R01668/2026	D.3.1:A48S,R74S,I166F	PZ038377_A48S_R74S_I166F	DTLCIGYHANNSTDTVDTVLEKNVTVTHSVNLLEDKHNGKLCKLRGVSPLHLGQCNIAGWILGNPECESLSTASSWSYIVETSNSDNGTCYPGDFINYEELREQLSSVSSFERFEIFPKASSWPNHDSDNGVTAACSHAGARSFYKNLIWLVKKGKSYPKINQTYFNDKGKEVLVLWGIHHPPTITDQESLYQNADAYVFVGTSRYSKKFKPEIAARPKVRDQAGRMNYYWTLVEPGDKITFEATGNLVAPRYAFTMEKEAGSGIIISDTPVHDCNATCQTPEGAINTSLPFQNVHPITIGKCPKYVRSTKLRLATGLRNVPSIQSRGLFGAIAGFIEGGWTGMVDGWYGYHHQNDQGSGYAADLKSTQNAVDKITNKVNSVIEKMNTQFTAVGKEFNHLEKRIENLNKKVDDGFLDVWTYNAELLVLLENERTLDYHDSNVKNLYEKVRHQLKNNAKETGNGCFEFYHKCDNTCMESVKNGTYDYPKYSEEAKLNREKIDGVKLDSTRIYQILAIYSTAASSLVLVVSLGAISFWMCSNGSLQCRICI	GACACATTATGTATAGGTTATCATGCGAACAATTCAACAGACACTGTGGACACAGTACTAGAAAAGAATGTAACAGTAACACACTCTGTCAATCTTCTAGAAGACAAGCATAACGGAAAACTATGCAAACTAAGAGGGGTAAGCCCATTGCATTTGGGTCAATGTAACATTGCTGGCTGGATCCTGGGAAATCCAGAGTGTGAATCACTCTCCACAGCAAGCTCATGGTCCTACATTGTGGAAACATCTAATTCAGACAATGGAACGTGTTACCCAGGAGATTTCATCAATTATGAGGAGCTAAGAGAGCAATTGAGCTCAGTGTCATCATTTGAACGGTTTGAAATATTCCCCAAGGCAAGTTCATGGCCTAATCATGACTCGGACAATGGTGTAACGGCAGCATGTTCTCACGCTGGAGCAAGAAGCTTCTACAAAAACTTGATATGGCTGGTTAAAAAAGGAAAATCGTACCCAAAGATCAACCAAACCTACTTCAATGATAAAGGGAAAGAAGTCCTCGTGCTGTGGGGCATTCACCATCCACCCACTATTACTGACCAAGAAAGTCTCTATCAGAATGCAGATGCGTATGTTTTTGTGGGGACATCAAGATACAGCAAGAAGTTCAAGCCGGAAATAGCAGCAAGACCCAAAGTGAGGGATCAAGCAGGGAGAATGAACTATTACTGGACACTAGTAGAACCGGGAGACAAAATAACATTCGAAGCAACTGGTAATCTAGTGGCACCGAGGTATGCATTCACAATGGAAAAAGAAGCTGGATCTGGTATTATCATTTCAGATACACCAGTCCACGATTGTAATGCAACTTGTCAGACACCCGAGGGTGCTATAAACACCAGCCTCCCATTTCAAAATGTACATCCGATCACGATTGGGAAATGTCCAAAGTATGTAAGAAGCACAAAACTGAGGCTGGCCACAGGACTGAGGAATGTCCCGTCTATTCAATCTAGAGGCCTATTCGGGGCCATTGCTGGCTTCATCGAAGGGGGATGGACAGGGATGGTCGATGGATGGTACGGTTATCACCATCAAAATGATCAGGGATCAGGATATGCAGCCGATCTGAAGAGCACACAAAATGCCGTTGATAAGATTACCAACAAAGTAAATTCTGTTATTGAAAAGATGAATACACAGTTCACAGCAGTTGGTAAAGAGTTCAACCACCTTGAAAAAAGAATAGAAAATCTAAATAAAAAGGTTGATGATGGTTTCCTGGACGTTTGGACTTACAATGCCGAACTGCTGGTTCTACTGGAAAATGAAAGAACTTTGGACTATCACGATTCAAATGTGAAGAACTTGTATGAAAAAGTAAGACACCAGTTAAAAAACAATGCCAAGGAAACTGGAAACGGCTGCTTTGAATTTTACCACAAATGCGACAACACATGCATGGAAAGTGTCAAGAATGGGACTTATGACTACCCAAAATACTCAGAGGAAGCAAAATTGAACAGAGAAAAAATAGATGGAGTAAAGCTGGACTCAACAAGGATTTACCAGATTTTGGCAATCTATTCAACTGCTGCCAGTTCATTGGTACTGGTAGTCTCCCTGGGGGCAATCAGCTTCTGGATGTGCTCTAATGGGTCTCTACAGTGTAGAATATGTATT	kondorr_h1n1pdm.txt	2026-03-09
H1N1	A/SouthAfrica/NICD-R01647/2026	D.3.1:A48S,R74S,I166F,T270A	PV886714_A48S_R74S_I166F	DTLCIGYHANNSTDTVDTVLEKNVTVTHSVNLLEDKHNGKLCKLRGVSPLHLGQCNIAGWILGNPECESLSTASSWSYIVETSNSDNGTCYPGDFINYEELREQLSSVSSFERFEIFPKASSWPNHDSDNGVTAACSHAGARSFYKNLIWLVKKGKSYPKINQTYFNDKGKEVLVLWGIHHPPTITDQESLYQNADAYVFVGTSRYSKKFKPEIAARPKVRDQAGRMNYYWTLVEPGDKITFEATGNLVAPRYAFTMEKEAGSGIIISDAPVHDCNATCQTPEGAINTSLPFQNVHPITIGKCPKYVRSTKLRLATGLRNVPSIQSRGLFGAIAGFIEGGWTGMVDGWYGYHHQNDQGSGYAADLKSTQNAVDKITNKVNSVIEKMNTQFTAVGKEFNHLEKRIENLNKKVDDGFLDVWTYNAELLVLLENERTLDYHDSNVKNLYEKVRHQLKNNAKETGNGCFEFYHKCDNTCMESVKNGTYDYPKYSEEAKLNREKIDGVKLDSTRIYQILAIYSTAASSLVLVVSLGAISFWMCSNGSLQCRICI	GACACATTATGTATAGGTTATCATGCGAACAATTCAACAGACACTGTGGACACAGTACTAGAAAAGAATGTAACAGTAACACACTCTGTCAATCTTCTAGAAGACAAGCATAACGGAAAACTATGCAAACTAAGAGGAGTAAGCCCATTGCATTTGGGTCAATGTAACATTGCTGGCTGGATCCTGGGAAATCCAGAGTGTGAATCACTATCCACAGCAAGCTCATGGTCCTACATTGTGGAAACATCTAATTCAGACAATGGAACGTGTTACCCAGGAGATTTCATCAATTATGAGGAGCTAAGAGAGCAATTGAGCTCAGTGTCATCATTTGAAAGGTTTGAAATATTCCCCAAGGCAAGTTCATGGCCTAATCATGACTCGGACAATGGTGTAACGGCAGCATGTTCTCACGCTGGGGCAAGAAGCTTCTACAAAAACTTGATATGGCTGGTTAAAAAAGGAAAATCGTACCCAAAGATCAACCAAACCTACTTCAATGATAAAGGGAAAGAAGTCCTCGTGCTGTGGGGCATTCACCATCCACCCACTATTACTGACCAAGAAAGTCTCTATCAGAATGCAGATGCGTATGTTTTTGTGGGGACATCAAGATACAGCAAGAAGTTCAAGCCGGAAATAGCAGCAAGACCCAAAGTGAGGGATCAAGCAGGGAGAATGAACTATTACTGGACACTAGTAGAACCGGGAGACAAAATAACATTCGAAGCAACTGGTAATCTAGTGGCACCGAGGTATGCATTCACAATGGAAAAAGAAGCTGGATCTGGTATTATCATTTCAGATGCACCAGTCCATGATTGCAATGCAACTTGTCAGACACCCGAGGGTGCTATAAACACCAGCCTCCCATTTCAAAATGTACATCCGATCACGATTGGGAAATGTCCAAAGTATGTAAGAAGCACAAAACTGAGGCTGGCCACAGGATTGAGGAATGTCCCGTCTATTCAATCTAGAGGCCTATTCGGGGCCATTGCTGGCTTCATCGAAGGGGGGTGGACAGGGATGGTCGATGGATGGTACGGTTATCACCATCAAAATGATCAGGGATCAGGATATGCAGCCGATCTGAAGAGCACACAAAATGCCGTTGATAAGATTACCAACAAAGTAAATTCTGTTATTGAAAAGATGAATACACAGTTCACAGCAGTTGGTAAAGAGTTCAACCACCTTGAAAAAAGAATAGAAAATCTAAATAAAAAGGTTGATGATGGTTTCCTGGACGTTTGGACTTACAATGCCGAACTGCTGGTTCTACTGGAAAATGAAAGAACTTTGGACTATCACGATTCAAATGTGAAGAACTTGTATGAAAAAGTAAGACACCAGTTAAAAAACAATGCCAAGGAAACTGGAAACGGCTGCTTTGAATTTTACCACAAATGCGACAACACATGCATGGAAAGTGTCAAGAATGGGACTTATGACTACCCAAAATACTCAGAGGAAGCAAAATTGAACAGAGAAAAAATAGATGGAGTAAAGCTGGACTCAACAAGGATTTATCAGATTTTGGCTATCTATTCAACTGCTGCCAGTTCATTGGTACTGGTAGTCTCCCTGGGGGCAATCAGCTTCTGGATGTGCTCTAATGGGTCTCTACAGTGTAGAATATGTATT	kondorr_h1n1pdm.txt	2026-04-10
H1N1	A/SouthAfrica/PATH-CERI-C073366/2025	D.3.1:R74S,I166F	PZ038377_R74S_I166F	DTLCIGYHANNSTDTVDTVLEKNVTVTHSVNLLEDKHNGKLCKLRGVAPLHLGQCNIAGWILGNPECESLSTASSWSYIVETSNSDNGTCYPGDFINYEELREQLSSVSSFERFEIFPKASSWPNHDSDNGVTAACSHAGARSFYKNLIWLVKKGKSYPKINQTYFNDKGKEVLVLWGIHHPPTITDQESLYQNADAYVFVGTSRYSKKFKPEIAARPKVRDQAGRMNYYWTLVEPGDKITFEATGNLVAPRYAFTMEKEAGSGIIISDTPVHDCNATCQTPEGAINTSLPFQNVHPITIGKCPKYVRSTKLRLATGLRNVPSIQSRGLFGAIAGFIEGGWTGMVDGWYGYHHQNDQGSGYAADLKSTQNAVDKITNKVNSVIEKMNTQFTAVGKEFNHLEKRIENLNKKVDDGFLDVWTYNAELLVLLENERTLDYHDSNVKNLYEKVRHQLKNNAKETGNGCFEFYHKCDNTCMESVKNGTYDYPKYSEEAKLNREKIDGVKLDSTRIYQILAIYSTAASSLVLVVSLGAISFWMCSNGSLQCRICI	GACACATTATGTATAGGTTATCATGCGAACAATTCAACAGACACTGTGGACACAGTACTAGAAAAGAATGTAACAGTAACACACTCTGTCAATCTTCTAGAAGACAAGCATAACGGAAAACTATGCAAACTAAGAGGGGTAGCCCCATTGCATTTGGGTCAATGTAACATTGCTGGCTGGATCCTGGGAAATCCAGAGTGTGAATCACTCTCCACAGCAAGCTCATGGTCCTACATTGTGGAAACATCTAATTCAGACAATGGAACGTGTTACCCAGGAGATTTCATCAATTATGAGGAGCTAAGAGAGCAATTGAGCTCAGTGTCATCATTTGAACGGTTTGAAATATTCCCCAAGGCAAGTTCATGGCCTAATCATGACTCGGACAATGGTGTAACGGCAGCATGTTCTCACGCTGGAGCAAGAAGCTTCTACAAAAACTTGATATGGCTGGTTAAAAAAGGAAAATCGTACCCAAAGATCAACCAAACCTACTTCAATGATAAAGGGAAAGAAGTCCTCGTGCTGTGGGGCATTCACCATCCACCCACTATTACTGACCAAGAAAGTCTCTATCAGAATGCAGATGCGTATGTTTTTGTGGGGACATCAAGATACAGCAAGAAGTTCAAGCCGGAAATAGCAGCAAGACCCAAAGTGAGGGATCAAGCAGGGAGAATGAACTATTACTGGACACTAGTAGAACCGGGAGACAAAATAACATTCGAAGCAACTGGTAATCTAGTGGCACCGAGGTATGCATTCACAATGGAAAAAGAAGCTGGATCTGGTATTATCATTTCAGATACACCAGTCCACGATTGTAATGCAACTTGTCAGACACCCGAGGGTGCTATAAACACCAGCCTCCCATTTCAAAATGTACATCCGATCACGATTGGGAAATGTCCAAAGTATGTAAGAAGCACAAAACTGAGGCTGGCCACAGGACTGAGGAATGTCCCGTCTATTCAATCTAGAGGCCTATTCGGGGCCATTGCTGGCTTCATCGAAGGGGGATGGACAGGGATGGTCGATGGATGGTACGGTTATCACCATCAAAATGATCAGGGATCAGGATATGCAGCCGATCTGAAGAGCACACAAAATGCCGTTGATAAGATTACCAACAAAGTAAATTCTGTTATTGAAAAGATGAATACACAGTTCACAGCAGTTGGTAAAGAGTTCAACCACCTTGAAAAAAGAATAGAAAATCTAAATAAAAAGGTTGATGATGGTTTCCTGGACGTTTGGACTTACAATGCCGAACTGCTGGTTCTACTGGAAAATGAAAGAACTTTGGACTATCACGATTCAAATGTGAAGAACTTGTATGAAAAAGTAAGACACCAGTTAAAAAACAATGCCAAGGAAACTGGAAACGGCTGCTTTGAATTTTACCACAAATGCGACAACACATGCATGGAAAGTGTCAAGAATGGGACTTATGACTACCCAAAATACTCAGAGGAAGCAAAATTGAACAGAGAAAAAATAGATGGAGTAAAGCTGGACTCAACAAGGATTTACCAGATTTTGGCAATCTATTCAACTGCTGCCAGTTCATTGGTACTGGTAGTCTCCCTGGGGGCAATCAGCTTCTGGATGTGCTCTAATGGGTCTCTACAGTGTAGAATATGTATT	kondorr_h1n1pdm.txt	2025-12-23
H1N1	A/SouthAfrica/PATH-CERI-C075119/2026	D.3.1:R74S,R205K	PZ038377_R74S_R205K	DTLCIGYHANNSTDTVDTVLEKNVTVTHSVNLLEDKHNGKLCKLRGVAPLHLGQCNIAGWILGNPECESLSTASSWSYIVETSNSDNGTCYPGDFINYEELREQLSSVSSFERFEIFPKASSWPNHDSDNGVTAACSHAGARSFYKNLIWLVKKGKSYPKINQTYINDKGKEVLVLWGIHHPPTITDQESLYQNADAYVFVGTSKYSKKFKPEIAARPKVRDQAGRMNYYWTLVEPGDKITFEATGNLVAPRYAFTMEKEAGSGIIISDTPVHDCNATCQTPEGAINTSLPFQNVHPITIGKCPKYVRSTKLRLATGLRNVPSIQSRGLFGAIAGFIEGGWTGMVDGWYGYHHQNDQGSGYAADLKSTQNAVDKITNKVNSVIEKMNTQFTAVGKEFNHLEKRIENLNKKVDDGFLDVWTYNAELLVLLENERTLDYHDSNVKNLYEKVRHQLKNNAKETGNGCFEFYHKCDNTCMESVKNGTYDYPKYSEEAKLNREKIDGVKLDSTRIYQILAIYSTAASSLVLVVSLGAISFWMCSNGSLQCRICI	GACACATTATGTATAGGTTATCATGCGAACAATTCAACAGACACTGTGGACACAGTACTAGAAAAGAATGTAACAGTAACACACTCTGTCAATCTTCTAGAAGACAAGCATAACGGAAAACTATGCAAACTAAGAGGGGTAGCCCCATTGCATTTGGGTCAATGTAACATTGCTGGCTGGATCCTGGGAAATCCAGAGTGTGAATCACTCTCCACAGCAAGCTCATGGTCCTACATTGTGGAAACATCTAATTCAGACAATGGAACGTGTTACCCAGGAGATTTCATCAATTATGAGGAGCTAAGAGAGCAATTGAGCTCAGTGTCATCATTTGAACGGTTTGAAATATTCCCCAAGGCAAGTTCATGGCCTAATCATGACTCGGACAATGGTGTAACGGCAGCATGTTCTCACGCTGGAGCAAGAAGCTTCTACAAAAACTTGATATGGCTGGTTAAAAAAGGAAAATCGTACCCAAAGATCAACCAAACCTACATTAATGATAAAGGGAAAGAAGTCCTCGTGCTGTGGGGCATTCACCATCCACCCACTATTACTGACCAAGAAAGTCTCTATCAGAATGCAGATGCGTATGTTTTTGTGGGGACATCAAAGTACAGCAAGAAGTTCAAGCCGGAAATAGCAGCAAGACCCAAAGTGAGGGATCAAGCAGGGAGAATGAACTATTACTGGACACTAGTAGAACCGGGAGACAAAATAACATTCGAAGCAACTGGTAATCTAGTGGCACCGAGGTATGCATTCACAATGGAAAAAGAAGCTGGATCTGGTATTATCATTTCAGATACACCAGTCCACGATTGTAATGCAACTTGTCAGACACCCGAGGGTGCTATAAACACCAGCCTCCCATTTCAAAATGTACATCCGATCACGATTGGGAAATGTCCAAAGTATGTAAGAAGCACAAAACTGAGGCTGGCCACAGGACTGAGGAATGTCCCGTCTATTCAATCTAGAGGCCTATTCGGGGCCATTGCTGGCTTCATCGAAGGGGGATGGACAGGGATGGTCGATGGATGGTACGGTTATCACCATCAAAATGATCAGGGATCAGGATATGCAGCCGATCTGAAGAGCACACAAAATGCCGTTGATAAGATTACCAACAAAGTAAATTCTGTTATTGAAAAGATGAATACACAGTTCACAGCAGTTGGTAAAGAGTTCAACCACCTTGAAAAAAGAATAGAAAATCTAAATAAAAAGGTTGATGATGGTTTCCTGGACGTTTGGACTTACAATGCCGAACTGCTGGTTCTACTGGAAAATGAAAGAACTTTGGACTATCACGATTCAAATGTGAAGAACTTGTATGAAAAAGTAAGACACCAGTTAAAAAACAATGCCAAGGAAACTGGAAACGGCTGCTTTGAATTTTACCACAAATGCGACAACACATGCATGGAAAGTGTCAAGAATGGGACTTATGACTACCCAAAATACTCAGAGGAAGCAAAATTGAACAGAGAAAAAATAGATGGAGTAAAGCTGGACTCAACAAGGATTTACCAGATTTTGGCAATCTATTCAACTGCTGCCAGTTCATTGGTACTGGTAGTCTCCCTGGGGGCAATCAGCTTCTGGATGTGCTCTAATGGGTCTCTACAGTGTAGAATATGTATT	kondorr_h1n1pdm.txt	2026-03-24
H1N1	A/SouthAfrica/NHLS-SU-CERI-C075557/2026	D.3.1:R74S,V152I	PV885931_R74S	DTLCIGYHANNSTDTVDTVLEKNVTVTHSVNLLEDKHNGKLCKLRGVAPLHLGQCNIAGWILGNPECESLSTASSWSYIVETSNSDNGTCYPGDFINYEELREQLSSVSSFERFEIFPKASSWPNHDSDNGVTAACSHAGARSFYKNLIWLIKKGKSYPKINQTYINDKGKEVLVLWGIHHPPTITDQESLYQNADAYVFVGTSRYSKKFKPEIAARPKVRDQAGRMNYYWTLVEPGDKITFEATGNLVAPRYAFTMEKEAGSGIIISDTPVHDCNATCQTPEGAINTSLPFQNVHPITIGKCPKYVRSTKLRLATGLRNVPSIQSRGLFGAIAGFIEGGWTGMVDGWYGYHHQNDQGSGYAADLKSTQNAVDKITNKVNSVIEKMNTQFTAVGKEFNHLEKRIENLNKKVDDGFLDVWTYNAELLVLLENERTLDYHDSNVKNLYEKVRHQLKNNAKETGNGCFEFYHKCDNTCMESVKNGTYDYPKYSEEAKLNREKIDGVKLDSTRIYQILAIYSTAASSLVLVVSLGAISFWMCSNGSLQCRICI	GACACATTATGTATAGGTTATCATGCGAACAATTCAACAGACACTGTGGACACAGTACTAGAAAAGAATGTAACAGTAACACACTCTGTCAATCTTCTAGAAGACAAGCATAACGGAAAACTATGCAAACTAAGAGGAGTAGCCCCATTGCATTTGGGTCAATGTAACATTGCTGGCTGGATCCTGGGAAATCCAGAGTGTGAATCACTATCCACAGCAAGCTCATGGTCCTACATTGTGGAAACATCTAATTCAGACAATGGAACGTGTTACCCAGGAGATTTCATCAATTATGAGGAGCTAAGAGAGCAATTGAGCTCAGTGTCATCATTTGAAAGGTTTGAAATATTCCCCAAGGCAAGTTCATGGCCTAATCATGACTCGGACAATGGTGTAACGGCAGCATGTTCTCACGCTGGGGCAAGAAGCTTCTACAAAAACTTGATATGGCTGATTAAAAAAGGAAAATCGTACCCAAAGATCAACCAAACCTACATTAATGATAAAGGGAAAGAAGTCCTCGTGCTGTGGGGCATTCACCATCCACCCACTATTACTGACCAAGAAAGTCTCTATCAGAATGCAGATGCGTATGTTTTTGTGGGGACATCAAGATACAGCAAGAAGTTCAAGCCGGAAATAGCAGCAAGACCCAAAGTGAGGGATCAAGCAGGGAGAATGAACTATTACTGGACACTAGTAGAACCGGGAGACAAAATAACATTCGAAGCAACTGGTAATCTAGTGGCACCGAGGTATGCATTCACAATGGAAAAAGAAGCTGGATCCGGTATTATCATTTCAGATACACCAGTCCATGATTGCAATGCAACTTGTCAGACACCCGAGGGTGCTATAAACACCAGCCTCCCATTTCAAAATGTACATCCGATCACGATTGGGAAATGTCCAAAGTATGTAAGAAGCACAAAACTGAGGCTGGCCACAGGATTGAGGAATGTCCCGTCTATTCAATCTAGAGGCCTATTCGGGGCCATTGCTGGCTTCATCGAAGGGGGGTGGACAGGGATGGTCGATGGATGGTACGGTTATCACCATCAAAATGATCAGGGATCAGGATATGCAGCCGATCTGAAGAGCACACAAAATGCCGTTGATAAGATTACCAACAAAGTAAATTCAGTTATTGAAAAGATGAATACACAGTTCACAGCAGTTGGTAAAGAGTTCAACCACCTTGAAAAAAGAATAGAAAATCTAAATAAAAAGGTTGATGATGGTTTCCTGGACGTTTGGACTTACAATGCCGAACTGCTGGTTCTACTGGAAAATGAAAGAACTTTGGACTATCACGATTCAAATGTGAAGAACTTGTATGAAAAAGTAAGACACCAGTTAAAAAACAATGCCAAGGAAACTGGAAACGGCTGCTTTGAATTTTACCACAAATGCGACAACACATGCATGGAAAGTGTCAAGAATGGGACTTATGACTACCCAAAATACTCAGAGGAAGCAAAATTGAACAGAGAAAAAATAGATGGAGTAAAGCTGGACTCAACAAGGATTTACCAGATTTTGGCTATCTATTCAACTGCTGCCAGTTCATTGGTACTGGTAGTCTCCCTGGGGGCAATCAGCTTCTGGATGTGCTCTAATGGGTCTCTACAGTGTAGAATATGTATT	kondorr_h1n1pdm.txt	2026-03-21
H1N1	A/SouthAfrica/PATH-CERI-C073358/2025	D.3.1:R74S	PV064540_R74S	DTLCIGYHANNSTDTVDTVLEKNVTVTHSVNLLEDKHNGKLCKLRGVAPLHLGQCNIAGWILGNPECESLSTASSWSYIVETSNSDNGTCYPGDFINYEELREQLSSVSSFERFEIFPKASSWPNHDSDNGVTAACSHAGARSFYKNLIWLVKKGKSYPKINQTYINDKGKEVLVLWGIHHPPTITDQESLYQNADAYVFVGTSRYSKKFKPEIAARPKVRDQAGRMNYYWTLVEPGDKITFEATGNLVAPRYAFTMEKEAGSGIIISDTPVHDCNATCQTPEGAINTSLPFQNVHPITIGKCPKYVRSTKLRLATGLRNVPSIQSRGLFGAIAGFIEGGWTGMVDGWYGYHHQNDQGSGYAADLKSTQNAVDKITNKVNSVIEKMNTQFTAVGKEFNHLEKRIENLNKKVDDGFLDVWTYNAELLVLLENERTLDYHDSNVKNLYEKVRHQLKNNAKETGNGCFEFYHKCDNTCMESVKNGTYDYPKYSEEAKLNREKIDGVKLDSTRIYQILAIYSTAASSLVLVVSLGAISFWMCSNGSLQCRICI	GACACATTATGTATAGGTTATCATGCGAACAATTCAACAGACACTGTGGACACAGTACTAGAAAAGAATGTAACAGTAACACACTCTGTCAATCTTCTAGAAGACAAGCATAACGGAAAACTATGCAAACTAAGAGGGGTAGCCCCATTGCATTTGGGTCAATGTAACATTGCTGGCTGGATCCTGGGAAATCCAGAGTGTGAATCACTCTCCACAGCAAGCTCATGGTCCTACATTGTGGAAACATCTAATTCAGACAATGGAACGTGTTACCCAGGAGATTTCATCAATTATGAGGAGCTAAGAGAGCAATTGAGCTCAGTGTCATCATTTGAACGGTTTGAAATATTCCCCAAGGCAAGTTCATGGCCTAATCATGACTCGGACAATGGTGTAACGGCAGCATGTTCTCACGCTGGAGCAAGAAGCTTCTACAAAAACTTGATATGGCTGGTTAAAAAAGGAAAATCGTACCCAAAGATCAACCAAACCTACATTAATGATAAAGGGAAAGAAGTCCTCGTGCTGTGGGGCATTCACCATCCACCCACTATTACTGACCAAGAAAGTCTCTATCAGAATGCAGATGCGTATGTTTTTGTGGGGACATCAAGATACAGCAAGAAGTTCAAGCCGGAAATAGCAGCAAGACCCAAAGTGAGGGATCAAGCAGGGAGAATGAACTATTACTGGACACTAGTAGAACCGGGAGACAAAATAACATTCGAAGCAACTGGTAATCTAGTGGCACCGAGGTATGCATTCACAATGGAAAAAGAAGCTGGATCTGGTATTATCATTTCAGATACACCAGTCCACGATTGCAATGCAACTTGTCAGACACCCGAGGGTGCTATAAACACCAGCCTCCCATTTCAAAATGTACATCCGATCACGATTGGGAAATGTCCAAAGTATGTAAGAAGCACAAAACTGAGGCTGGCCACAGGATTGAGGAATGTCCCGTCTATTCAATCTAGAGGCCTATTCGGGGCCATTGCTGGCTTCATCGAAGGGGGGTGGACAGGGATGGTCGATGGATGGTACGGTTATCACCATCAAAATGATCAGGGATCAGGATATGCAGCCGATCTGAAGAGCACACAAAATGCCGTTGATAAGATTACCAACAAAGTAAATTCTGTTATTGAAAAGATGAATACACAGTTCACAGCAGTTGGTAAAGAGTTCAACCACCTTGAAAAAAGAATAGAAAATCTAAATAAAAAGGTTGATGATGGTTTCCTGGACGTTTGGACTTACAATGCCGAACTGCTGGTTCTACTGGAAAATGAAAGAACTTTGGACTATCACGATTCAAATGTGAAGAACTTGTATGAAAAAGTAAGACACCAGTTAAAAAACAATGCCAAGGAAACTGGAAACGGCTGCTTTGAATTTTACCACAAATGCGACAACACATGCATGGAAAGTGTCAAGAATGGGACTTATGACTACCCAAAATACTCAGAGGAAGCAAAATTGAACAGAGAAAAAATAGATGGAGTAAAGCTGGACTCAACAAGGATTTACCAGATTTTGGCAATCTATTCAACTGCTGCCAGTTCATTGGTACTGGTAGTCTCCCTGGGGGCAATCAGCTTCTGGATGTGCTCTAATGGGTCTCTACAGTGTAGAATATGTATT	kondorr_h1n1pdm.txt	2026-03-19
H1N1	A/Ontario/PHL202550957/2025	D.3.1.1:R205K	PX839158	DTLCIGYHANNSTDTVDTVLEKNVTVTHSVNLLEDKHNGKLCKLRGVAPLHLGQCNIAGWILGNPECESLSTARSWSYIVETSNSDNGTCYPGDFINYEELREQLSSVSSFEKFEIFPKASSWPNHDSDNGVTAACSHDGARSFYKNLIWLVKKGKSYPKINQTYINDKGKEVLVLWGIHHPPTITDQESLYQNADAYVFVGTSKYSKKFKPEIAARPKVRDQAGRMNYYWTLVEPGDKITFEATGNLVAPRYAFTMEKEAGSGIIISDTPVHDCNATCQTPKGAINTSLPFQNVHPITIGECPKYVRSTKLRLATGLRNVPSIQSRGLFGAIAGFIEGGWTGMVDGWYGYHHQNDQGSGYAADLKSTQNAVDKITNKVNSVIEKMNTQFTAVGKEFNHLEKRIENLNKKVDDGFLDVWTYNAELLVLLENERTLDYHDSNVKNLYEKVRHQLKNNAKETGNGCFEFYHKCDNTCMESVKNGTYDYPKYSEEAKLNREKIDGVKLDSTRIYQILAIYSTAASSLVLVVSLGAISFWMCSNGSLQCRICI	GACACATTATGTATAGGTTATCATGCGAACAATTCAACAGACACTGTGGACACAGTACTAGAAAAGAATGTAACAGTAACACACTCTGTCAATCTTCTAGAAGACAAGCATAACGGAAAACTATGCAAACTAAGAGGGGTAGCCCCATTGCATTTGGGTCAATGTAACATTGCTGGCTGGATCCTGGGAAATCCAGAGTGTGAATCACTATCCACAGCAAGGTCATGGTCCTACATTGTGGAAACATCTAATTCAGACAATGGAACGTGTTACCCAGGAGATTTCATCAATTATGAGGAGCTAAGAGAACAATTGAGCTCAGTGTCATCATTTGAAAAGTTTGAAATATTCCCCAAGGCAAGTTCATGGCCTAATCATGACTCGGACAATGGTGTAACGGCAGCATGTTCTCACGATGGAGCAAGAAGCTTCTACAAAAACTTGATATGGCTGGTTAAAAAAGGAAAATCGTACCCAAAGATCAACCAAACCTACATTAATGACAAAGGGAAAGAAGTCCTCGTGCTGTGGGGCATTCACCATCCACCCACTATTACTGACCAAGAAAGTCTCTATCAGAATGCAGATGCGTATGTTTTTGTGGGGACATCAAAATACAGCAAGAAGTTCAAGCCGGAAATAGCAGCAAGACCCAAAGTGAGGGATCAAGCAGGGAGAATGAACTATTACTGGACACTAGTAGAACCGGGAGACAAAATAACATTCGAAGCAACTGGTAATCTAGTGGCACCGAGGTATGCATTCACAATGGAAAAAGAAGCTGGATCTGGTATTATCATTTCAGATACACCAGTCCACGATTGCAATGCAACTTGTCAGACACCCAAGGGTGCTATAAACACCAGCCTCCCATTTCAAAATGTACATCCGATCACGATTGGGGAATGTCCAAAGTATGTAAGAAGCACAAAACTGAGGCTGGCCACAGGATTGAGGAATGTCCCGTCTATTCAATCTAGAGGCCTATTCGGGGCCATTGCTGGCTTCATCGAAGGGGGGTGGACAGGAATGGTTGATGGATGGTACGGTTATCACCATCAAAATGATCAGGGATCAGGATATGCAGCCGATCTGAAGAGCACACAAAATGCCGTTGATAAGATTACCAACAAAGTAAATTCTGTTATTGAAAAGATGAATACACAGTTCACAGCAGTTGGTAAAGAGTTCAACCACCTTGAAAAAAGAATAGAAAATCTAAATAAAAAGGTTGATGATGGTTTCCTGGACGTTTGGACTTACAATGCCGAACTGCTGGTTCTACTGGAAAATGAAAGAACTTTGGACTATCACGATTCAAATGTGAAGAACTTGTATGAAAAAGTAAGACACCAGTTAAAAAACAATGCCAAGGAAACTGGAAACGGCTGCTTTGAATTTTACCACAAATGCGACAACACATGCATGGAAAGTGTCAAGAATGGAACTTATGACTACCCAAAATACTCAGAGGAAGCAAAATTGAACAGAGAAAAAATAGATGGAGTAAAGCTGGACTCAACAAGGATTTACCAGATTTTGGCAATCTATTCAACTGCTGCCAGTTCATTGGTACTGGTAGTCTCCCTGGGGGCAATCAGCTTCTGGATGTGCTCTAATGGGTCTCTACAGTGCAGAATATGTATT	kondorr_h1n1pdm.txt	2026-04-25
H1N1	A/BritishColumbia/RV00022-26/2025	D.3.1.1:D139N	PZ345346	DTLCIGYHANNSTDTVDTVLEKNVTVTHSVNLLEDKHNGKLCKLRGVAPLHLGQCNIAGWILGNPECESLSTARSWSYIVETSNSDNGTCYPGDFINYEELREQLSSVSSFEKFEIFPKASSWPNHDSDNGVTAACSHNGARSFYKNLIWLVKKGKSYPKINQTYINDKGKEVLVLWGIHHPPTITDQESLYQNADAYVFVGTSRYSKKFKPEIAARPKVRDQAGRMNYYWTLVEPGDKITFEATGNLVAPRYAFTMEKEAGSGIIISDTPVHDCNATCQTPKGAINTSLPFQNVHPITIGECPKYVRSTKLRLATGLRNVPSIQSRGLFGAIAGFIEGGWTGMVDGWYGYHHQNDQGSGYAADLKSTQNAVDKITNKVNSVIEKMNTQFTAVGKEFNHLEKRIENLNKKVDDGFLDVWTYNAELLVLLENERTLDYHDSNVKNLYEKVRHQLKNNAKETGNGCFEFYHKCDNTCMESVKNGTYDYPKYSEEAKLNREKIDGVKLDSTRIYQILAIYSTAASSLVLVVSLGAISFWMCSNGSLQCRICI	GACACATTATGTATAGGTTATCATGCGAACAATTCAACAGACACTGTGGACACAGTACTAGAAAAGAATGTAACAGTAACACACTCTGTCAATCTTCTAGAAGACAAGCATAACGGAAAACTATGCAAACTAAGAGGGGTAGCCCCATTGCATTTGGGTCAATGTAACATTGCTGGCTGGATCCTGGGAAATCCAGAGTGTGAATCACTATCCACAGCAAGGTCATGGTCCTACATTGTGGAAACATCTAATTCAGACAATGGAACGTGTTACCCAGGAGATTTCATCAATTATGAGGAGCTAAGAGAGCAATTGAGCTCAGTGTCATCATTTGAAAAGTTTGAAATATTCCCCAAGGCAAGTTCATGGCCTAATCATGACTCGGACAATGGTGTAACGGCAGCATGTTCTCACAATGGAGCAAGAAGCTTCTACAAAAACTTGATATGGCTGGTTAAAAAAGGAAAATCGTACCCAAAGATCAACCAAACCTACATTAATGACAAAGGGAAAGAAGTCCTCGTGCTGTGGGGCATTCACCATCCACCCACTATTACTGACCAAGAAAGTCTCTATCAGAATGCAGATGCGTATGTTTTTGTGGGGACATCAAGATACAGCAAGAAGTTCAAGCCGGAAATAGCAGCAAGACCCAAAGTGAGGGATCAAGCAGGGAGAATGAACTATTACTGGACACTAGTAGAACCGGGAGACAAAATAACATTCGAAGCAACTGGTAATCTAGTGGCACCGAGGTATGCATTCACAATGGAAAAAGAAGCTGGATCTGGTATTATCATTTCAGATACACCAGTCCACGATTGCAATGCAACTTGTCAGACACCCAAGGGTGCTATAAACACCAGCCTCCCATTTCAAAATGTACATCCGATCACGATTGGGGAATGTCCAAAGTATGTAAGAAGCACAAAACTGAGGCTGGCCACAGGATTGAGGAATGTCCCGTCTATTCAATCTAGAGGCCTATTCGGGGCCATTGCTGGCTTCATCGAAGGGGGGTGGACAGGAATGGTTGATGGATGGTACGGTTATCACCATCAAAATGATCAGGGATCAGGATATGCAGCCGATCTGAAGAGCACACAAAATGCCGTTGATAAGATTACCAACAAAGTAAATTCTGTTATTGAAAAGATGAATACACAGTTCACAGCAGTTGGTAAAGAGTTCAACCACCTTGAAAAAAGAATAGAAAATCTAAATAAAAAGGTTGATGATGGTTTCCTAGACGTTTGGACTTACAATGCCGAACTGCTGGTTCTACTGGAAAATGAAAGAACTTTGGACTATCACGATTCAAATGTGAAGAACTTGTATGAAAAAGTAAGACACCAGTTAAAAAACAATGCCAAGGAAACTGGAAACGGCTGCTTTGAATTTTACCACAAATGCGACAACACATGCATGGAAAGTGTCAAGAATGGAACTTATGACTACCCAAAATACTCAGAGGAAGCAAAATTGAACAGAGAAAAAATAGATGGAGTAAAGCTGGACTCAACAAGGATTTACCAGATTTTGGCAATCTATTCAACTGCTGCCAGTTCATTGGTACTGGTAGTCTCCCTGGGGGCAATCAGCTTCTGGATGTGCTCTAATGGGTCTCTACAGTGCAGAATATGTATT	kondorr_h1n1pdm.txt	2026-04-21
