shortname,insert_sequence,plate,well
flu-seqneut-2026_H3N2_60_bc1,CAAAAAATACCTGGAAATGACAATAGCACGGCAACGCTGTGCCTTGGGCACCATGCAGTACCAAACGGAACGATAGTGAAAACAATCACAAATGACCGAATTGAAGTTACTAATGCTACTGAGTTGGTTCAGAATTCATCAATAGGTAAAATATGCAACAGTCCTCATCAGATCCTTGATGGAGGGAACTGCACACTAATAGATGCTCTATTGGGGGACCCTCAGTGTGACGGCGTTCAGAATAAGGAATGGGACCTTTTTGTTGAACGAAGCAGAGCCAACAGCAGCTGTTACCCTTATGATGTGCCGGATTATGCCTCCCTTAGGTCACTAGTTGCCTCATCCGGAACACTGGAGTTTAAAGATGAAAGCTTCAATTGGACCGGAGTCAAACAAAACGGGAAAAGTTCTGCGTGCAAAAGGGGATCTAATAGTAGTTTTTTTAGTAGATTAAATTGGTTGACCAGCTTAGACAACAAATATCCAGCACAGAACGTGACTATGCCAAACAAGGAACAATTTGACAAATTGTACATTTGGGGGGTTCATCATCCGGACACGGACAGGAACCAATTCTCCCTGTTTGCTCAAACATCAGGAAGAATCACAGTATCTACCAAAAGAAGCCAACAAGCTGTAATCCCAAATATCGGATCTAGACCCAGAGTAAGGGATATCCCTAGCAGAATAAGCATCTATTGGACAATAGTAAAACCGGGAGACATACTTTTGATTAACAGCACAGGGAATCTAATTGCTCCTAGGGGTTACTTCAAAATACGAAGTGGAAAAAGCTCAATAATGAGATCAGACGCACCCATTGGCGAATGTAAGTCAGAATGCATCACTCCAAATGGAAGCATTCCCAATGACAAACCGTTCCAAAATGTAAACAGGATCACATACGGGGCCTGTCCCAGATACGTTAAGCAAAGCACCCTGAAATTGGCAACAGGAATGCGAAATGTACCTGAGAAACAAGCCAGAGGCATATTTGGTGCAATAGCGGGCTTCATAGAAAATGGATGGGAGGGAATGGTGGATGGTTGGTACGGTTTCAGGCATCAAAATTCTGAGGGAAGAGGACAAGCAGCAGATCTCAAAAGCACTCAAGCAGCAATCGATCAAATCAGTGGGAAGCTGAATCGATTGATCGGAAAAACCAATGAGAAATTCCATCAGATTGAAAAAGAATTCTCAGAAGTAGAAGGAAGAGTTCAAGACCTTGAGAAATATGTTGAGGACACTAAAATAGATCTCTGGTCATACAACGCGGAGCTTCTTGTTGCCCTGGAGAACCAACATACGATTGACCTAACTGACTCAGAAATGAACAAGCTGTTTGAAAAAACAAAGAAACAACTGAGGGAAAATGCTGAGGATATGGGAAATGGTTGTTTCAAAATATACCACAAATGTGACAATGCCTGCATAGGATCAATAAGAAATGAAACTTATGACCACAATGTGTACAGGGATGAAGCATTAAACAACCGGTTCCAAatcaagggagttgagctgaagtcaggatacaaagattggatcctatggatttcctttgccATGtcTtgCttCCtActGtgCgtAgcACtACtAggCttTatTatgtgggcGtgTcaGaaAggCtcCCtAcaAtgTCgGatTtgTatTTAATAGCCACTTCACTGAAATC,1,A1
flu-seqneut-2026_H3N2_60_bc2,CAAAAAATACCTGGAAATGACAATAGCACGGCAACGCTGTGCCTTGGGCACCATGCAGTACCAAACGGAACGATAGTGAAAACAATCACAAATGACCGAATTGAAGTTACTAATGCTACTGAGTTGGTTCAGAATTCATCAATAGGTAAAATATGCAACAGTCCTCATCAGATCCTTGATGGAGGGAACTGCACACTAATAGATGCTCTATTGGGGGACCCTCAGTGTGACGGCGTTCAGAATAAGGAATGGGACCTTTTTGTTGAACGAAGCAGAGCCAACAGCAGCTGTTACCCTTATGATGTGCCGGATTATGCCTCCCTTAGGTCACTAGTTGCCTCATCCGGAACACTGGAGTTTAAAGATGAAAGCTTCAATTGGACCGGAGTCAAACAAAACGGGAAAAGTTCTGCGTGCAAAAGGGGATCTAATAGTAGTTTTTTTAGTAGATTAAATTGGTTGACCAGCTTAGACAACAAATATCCAGCACAGAACGTGACTATGCCAAACAAGGAACAATTTGACAAATTGTACATTTGGGGGGTTCATCATCCGGACACGGACAGGAACCAATTCTCCCTGTTTGCTCAAACATCAGGAAGAATCACAGTATCTACCAAAAGAAGCCAACAAGCTGTAATCCCAAATATCGGATCTAGACCCAGAGTAAGGGATATCCCTAGCAGAATAAGCATCTATTGGACAATAGTAAAACCGGGAGACATACTTTTGATTAACAGCACAGGGAATCTAATTGCTCCTAGGGGTTACTTCAAAATACGAAGTGGAAAAAGCTCAATAATGAGATCAGACGCACCCATTGGCGAATGTAAGTCAGAATGCATCACTCCAAATGGAAGCATTCCCAATGACAAACCGTTCCAAAATGTAAACAGGATCACATACGGGGCCTGTCCCAGATACGTTAAGCAAAGCACCCTGAAATTGGCAACAGGAATGCGAAATGTACCTGAGAAACAAGCCAGAGGCATATTTGGTGCAATAGCGGGCTTCATAGAAAATGGATGGGAGGGAATGGTGGATGGTTGGTACGGTTTCAGGCATCAAAATTCTGAGGGAAGAGGACAAGCAGCAGATCTCAAAAGCACTCAAGCAGCAATCGATCAAATCAGTGGGAAGCTGAATCGATTGATCGGAAAAACCAATGAGAAATTCCATCAGATTGAAAAAGAATTCTCAGAAGTAGAAGGAAGAGTTCAAGACCTTGAGAAATATGTTGAGGACACTAAAATAGATCTCTGGTCATACAACGCGGAGCTTCTTGTTGCCCTGGAGAACCAACATACGATTGACCTAACTGACTCAGAAATGAACAAGCTGTTTGAAAAAACAAAGAAACAACTGAGGGAAAATGCTGAGGATATGGGAAATGGTTGTTTCAAAATATACCACAAATGTGACAATGCCTGCATAGGATCAATAAGAAATGAAACTTATGACCACAATGTGTACAGGGATGAAGCATTAAACAACCGGTTCCAAatcaagggagttgagctgaagtcaggatacaaagattggatcctatggatttcctttgccATGtcTtgCttCCtActGtgCgtAgcACtACtAggCttTatTatgtgggcGtgTcaGaaAggCtcCCtAcaAtgTCgGatTtgTatTTAATAGAGAACGTGCCTTTGCG,1,A2
flu-seqneut-2026_H3N2_61_bc1,CAAAAAATACCTGGAAATGACAATAGCACGGCAACGCTGTGCCTTGGGCACCATGCAGTACCAAACGGAACGATAGTGAAAACAATCACAAATGACCGAATTGAAGTTACTAATGCTACTGAGTTGGTTCAGAATTCATCAATAGGTAAAATATGCAACAGTCCTCATCAGATCCTTGATGGAGGGAACTGCACACTAATAGATGCTCTATTGGGGGACCCTCAGTGTGACGGCGTTCAGAATAAGGAATGGGACCTTTTTGTTGAACGAAGCAGAGCCAACAGCAGCTGTTACCCTTATGATGTGCCGGATTATGCCTCCCTTAGGTCACTAGTTGCCTCATCCGGAACACTGGAGTTTAAAGATGAAAGCTTCAATTGGACCGGAGTCAGACAAAACGGGAAAAGTTCTGCGTGCAAAAGGGGATCTAATAGTAGTTTTTTTAGTAGATTAAATTGGTTGACCAGCTTAGACAACAAATATCCAGCACAGAACGTGACTATGCCAAACAAGGAACAATTTGACAAATTGTACATTTGGGGGGTTCATCATCCGGACACGGACAGGAACCAATTCTCCCTGTTTGCTCAATCATCAGGAAGAATCACAGTATCTACCAAAAGAAGCCAACAAGCTGTAATCCCAAATATCGGATCTAGACCCAGAGTAAGGGATATCCCTAGCAGAATAAGCATCTATTGGACAATAGTAAAACCGGGAGACATACTTTTGATTAACAGCACAGGGAATCTAATTGCTCCTAGGGGTTACTTCAAAATACGAAGTGGAAAAAGCTCAATAATGAGATCAGACGCACCCATTGGCGAATGTAAGTCAGAATGCATCACTCCAAATGGAAGCATTCCCAATGACAAACCGTTCCAAAATGTAAACAGGATCACATACGGGGCCTGTCCCAGATACGTTAAGCAAAGCACCCTGAAATTGGCAACAGGAATGCGAAATGTACCTGAGAAACAAGCCAGAGGCATATTTGGTGCAATAGCGGGCTTCATAGAAAATGGATGGGAGGGAATGGTGGATGGTTGGTACGGTTTCAGGCATCAAAATTCTGAGGGAAGAGGACAAGCAGCAGATCTCAAAAGCACTCAAGCAGCAATCGATCAAATCAGTGGGAAGCTGAATCGATTGATCGGAAAAACCAATGAGAAATTCCATCAGATTGAAAAAGAATTCTCAGAAGTAGAAGGAAGAGTTCAAGACCTTGAGAAATATGTTGAGGACACTAAAATAGATCTCTGGTCATACAACGCGGAGCTTCTTGTTGCCCTGGAGAACCAACATACGATTGACCTAACTGACTCAGAAATGAACAAGCTGTTTGAAAAAACAAAGAAACAACTGAGGGAAAATGCTGAGGATATGGGAAATGGTTGTTTCAAAATATACCACAAATGTGACAATGCCTGCATAGGATCAATAAGAAATGAAACTTATGACCACAATGTGTACAGGGATGAAGCATTAAACAACCGGTTCCAAatcaagggagttgagctgaagtcaggatacaaagattggatcctatggatttcctttgccATGtcTtgCttCCtActGtgCgtAgcACtACtAggCttTatTatgtgggcGtgTcaGaaAggCtcCCtAcaAtgTCgGatTtgTatTTAATAGGTCATCCAAGATAGGT,1,A3
flu-seqneut-2026_H3N2_61_bc2,CAAAAAATACCTGGAAATGACAATAGCACGGCAACGCTGTGCCTTGGGCACCATGCAGTACCAAACGGAACGATAGTGAAAACAATCACAAATGACCGAATTGAAGTTACTAATGCTACTGAGTTGGTTCAGAATTCATCAATAGGTAAAATATGCAACAGTCCTCATCAGATCCTTGATGGAGGGAACTGCACACTAATAGATGCTCTATTGGGGGACCCTCAGTGTGACGGCGTTCAGAATAAGGAATGGGACCTTTTTGTTGAACGAAGCAGAGCCAACAGCAGCTGTTACCCTTATGATGTGCCGGATTATGCCTCCCTTAGGTCACTAGTTGCCTCATCCGGAACACTGGAGTTTAAAGATGAAAGCTTCAATTGGACCGGAGTCAGACAAAACGGGAAAAGTTCTGCGTGCAAAAGGGGATCTAATAGTAGTTTTTTTAGTAGATTAAATTGGTTGACCAGCTTAGACAACAAATATCCAGCACAGAACGTGACTATGCCAAACAAGGAACAATTTGACAAATTGTACATTTGGGGGGTTCATCATCCGGACACGGACAGGAACCAATTCTCCCTGTTTGCTCAATCATCAGGAAGAATCACAGTATCTACCAAAAGAAGCCAACAAGCTGTAATCCCAAATATCGGATCTAGACCCAGAGTAAGGGATATCCCTAGCAGAATAAGCATCTATTGGACAATAGTAAAACCGGGAGACATACTTTTGATTAACAGCACAGGGAATCTAATTGCTCCTAGGGGTTACTTCAAAATACGAAGTGGAAAAAGCTCAATAATGAGATCAGACGCACCCATTGGCGAATGTAAGTCAGAATGCATCACTCCAAATGGAAGCATTCCCAATGACAAACCGTTCCAAAATGTAAACAGGATCACATACGGGGCCTGTCCCAGATACGTTAAGCAAAGCACCCTGAAATTGGCAACAGGAATGCGAAATGTACCTGAGAAACAAGCCAGAGGCATATTTGGTGCAATAGCGGGCTTCATAGAAAATGGATGGGAGGGAATGGTGGATGGTTGGTACGGTTTCAGGCATCAAAATTCTGAGGGAAGAGGACAAGCAGCAGATCTCAAAAGCACTCAAGCAGCAATCGATCAAATCAGTGGGAAGCTGAATCGATTGATCGGAAAAACCAATGAGAAATTCCATCAGATTGAAAAAGAATTCTCAGAAGTAGAAGGAAGAGTTCAAGACCTTGAGAAATATGTTGAGGACACTAAAATAGATCTCTGGTCATACAACGCGGAGCTTCTTGTTGCCCTGGAGAACCAACATACGATTGACCTAACTGACTCAGAAATGAACAAGCTGTTTGAAAAAACAAAGAAACAACTGAGGGAAAATGCTGAGGATATGGGAAATGGTTGTTTCAAAATATACCACAAATGTGACAATGCCTGCATAGGATCAATAAGAAATGAAACTTATGACCACAATGTGTACAGGGATGAAGCATTAAACAACCGGTTCCAAatcaagggagttgagctgaagtcaggatacaaagattggatcctatggatttcctttgccATGtcTtgCttCCtActGtgCgtAgcACtACtAggCttTatTatgtgggcGtgTcaGaaAggCtcCCtAcaAtgTCgGatTtgTatTTAATAGATGCAGTGCTTCAACT,1,A4
flu-seqneut-2026_H3N2_62_bc1,CAAAACATACCTGGAAATGACAATAGCACGGCAACGCTGTGCCTTGGGCACCATGCAGTACCAAACGGAACGATAGTGAAAACAATCACAAATGACCGAATTGAAGTTACTAATGCTACTGAGTTGGTTCAGAATTCATCAATAGGTAAAATATGCAACAGTCCTCATCAGATCCTTGATGGAGGGAACTGCACACTAATAGATGCTCTATTGGGGGACCCTCAGTGTGACGGCTTTCAGAATAAGGAATGGGACCTTTTTGTTGAACGAAGCAGAGCCAACAGCAGCTGTTACCCTTATGATGTGCCGGATTATGCCTCCCTTAGGTCACTAGTTGCCTCATCCGGAACACTGGAGTTTAAAGATGAAAGCTTCAATTGGACCGGAGTCAAACAAAACGGGAAAAGTTCTGCGTGCAAAAGGGGATCTAATAGTAGTTTTTTTAGTAGATTAAATTGGTTGACCAGCTTAGACAACAAATATCCAGCACAGAACGTGACTATGCCAAACAAGGAACGATTTGACAAATTGTACATTTGGGGGGTTCATCATCCGGACACGGACAGGAACCAATTCTCCCTGTTTGCTCAATCATCAGGAAGAATCACAGTATCTACCAAAAGAAGCCAACAAGCTGTAATCCCAAATATCGGATCTAGACCCAGAGTGAGGGATATCCCTAGCAGAATAAGCATCTATTGGACAATAGTAAAACCGGGAGACATACTTTTGATTAACAGCACAGGGAATCTAATTGCTCCTAGGGGTTACTTCAAAATACGGAGTGGAAAAAGCTCAATAATGAGATCAGACGCACCCATTGGCGAATGTAAGTCAGAATGCATCACTCCAAATGGAAGCGTTCCCAATGACAAACCGTTCCAAAATGTAAACAGGATCACATACGGTGCCTGTCCCAGATACGTTAAGCAAAGCACCCTGAAATTGGCAACAGGAATGCGAAATGTACCTGAGAAACAAGCCAGAGGCATATTTGGTGCAATAGCGGGCTTCATAGAAAATGGATGGGAGGGAATGGTGGATGGTTGGTACGGTTTCAGGCATCAAAATTCTGAGGGAAGAGGACAAGCAGCAGATCTCAAAAGCACTCAAGCAGCAATCGATCAAATCAATGGGAAGCTGAATCGATTGATCGGAAAAACCAATGAGAAATTCCATCAGATTGAAAAAGAATTCTCAGAAGTAGAAGGAAGAGTTCAAGACCTTGAGAAATATGTTGAGGACACTAAAATAGATCTCTGGTCATACAACGCGGAGCTTCTTGTTGCCCTGGAGAACCAACATACGATTGACCTAACTGACTCAGAAATGAACAAGCTGTTTGAAAAAACAAAGAAACAACTGAGGGAAAATGCTGAGGATATGGGAAATGGTTGTTTCAAAATATACCACAAATGTGACAATGCCTGCATAGGATCAATAAGAAATGAAACTTATGACCACAATGTGTACAGGGATGAAGCATTAAACAACCGGTTCCAAatcaagggagttgagctgaagtcaggatacaaagattggatcctatggatttcctttgccATGtcTtgCttCCtActGtgCgtAgcACtACtAggCttTatTatgtgggcGtgTcaGaaAggCtcCCtAcaAtgTCgGatTtgTatTTAATAGTTGGAGAATCCGTCTA,1,A5
flu-seqneut-2026_H3N2_62_bc2,CAAAACATACCTGGAAATGACAATAGCACGGCAACGCTGTGCCTTGGGCACCATGCAGTACCAAACGGAACGATAGTGAAAACAATCACAAATGACCGAATTGAAGTTACTAATGCTACTGAGTTGGTTCAGAATTCATCAATAGGTAAAATATGCAACAGTCCTCATCAGATCCTTGATGGAGGGAACTGCACACTAATAGATGCTCTATTGGGGGACCCTCAGTGTGACGGCTTTCAGAATAAGGAATGGGACCTTTTTGTTGAACGAAGCAGAGCCAACAGCAGCTGTTACCCTTATGATGTGCCGGATTATGCCTCCCTTAGGTCACTAGTTGCCTCATCCGGAACACTGGAGTTTAAAGATGAAAGCTTCAATTGGACCGGAGTCAAACAAAACGGGAAAAGTTCTGCGTGCAAAAGGGGATCTAATAGTAGTTTTTTTAGTAGATTAAATTGGTTGACCAGCTTAGACAACAAATATCCAGCACAGAACGTGACTATGCCAAACAAGGAACGATTTGACAAATTGTACATTTGGGGGGTTCATCATCCGGACACGGACAGGAACCAATTCTCCCTGTTTGCTCAATCATCAGGAAGAATCACAGTATCTACCAAAAGAAGCCAACAAGCTGTAATCCCAAATATCGGATCTAGACCCAGAGTGAGGGATATCCCTAGCAGAATAAGCATCTATTGGACAATAGTAAAACCGGGAGACATACTTTTGATTAACAGCACAGGGAATCTAATTGCTCCTAGGGGTTACTTCAAAATACGGAGTGGAAAAAGCTCAATAATGAGATCAGACGCACCCATTGGCGAATGTAAGTCAGAATGCATCACTCCAAATGGAAGCGTTCCCAATGACAAACCGTTCCAAAATGTAAACAGGATCACATACGGTGCCTGTCCCAGATACGTTAAGCAAAGCACCCTGAAATTGGCAACAGGAATGCGAAATGTACCTGAGAAACAAGCCAGAGGCATATTTGGTGCAATAGCGGGCTTCATAGAAAATGGATGGGAGGGAATGGTGGATGGTTGGTACGGTTTCAGGCATCAAAATTCTGAGGGAAGAGGACAAGCAGCAGATCTCAAAAGCACTCAAGCAGCAATCGATCAAATCAATGGGAAGCTGAATCGATTGATCGGAAAAACCAATGAGAAATTCCATCAGATTGAAAAAGAATTCTCAGAAGTAGAAGGAAGAGTTCAAGACCTTGAGAAATATGTTGAGGACACTAAAATAGATCTCTGGTCATACAACGCGGAGCTTCTTGTTGCCCTGGAGAACCAACATACGATTGACCTAACTGACTCAGAAATGAACAAGCTGTTTGAAAAAACAAAGAAACAACTGAGGGAAAATGCTGAGGATATGGGAAATGGTTGTTTCAAAATATACCACAAATGTGACAATGCCTGCATAGGATCAATAAGAAATGAAACTTATGACCACAATGTGTACAGGGATGAAGCATTAAACAACCGGTTCCAAatcaagggagttgagctgaagtcaggatacaaagattggatcctatggatttcctttgccATGtcTtgCttCCtActGtgCgtAgcACtACtAggCttTatTatgtgggcGtgTcaGaaAggCtcCCtAcaAtgTCgGatTtgTatTTAATAGGAATCTCCCTATTCAT,1,A6
flu-seqneut-2026_H3N2_63_bc1,CAAAACATACCTGGAAATGACAATAGCACGGCAACGCTGTGCCTTGGGCACCATGCAGTACCAAACGGAACGATAGTGAAAACAATCACAAATGACCGAATTGAAGTTACTAATGCTACTGAGTTGGTTCAGAATTCATCAATAGGTAAAATATGCAACAGTCCTCATCAGATCCTTGATGGAGGGAACTGCACACTAATAGATGCTCTATTGGGGGACCCTCAGTGTGACGGCTTTCAGAATAAGGAATGGGACCTTTTTGTTGAACGAAGCAGAGCCAACAGCAGCTGTTACCCTTATGATGTGCCGGATTATGCCTCCCTTAGGTCACTAGTTGCCTCATCCGGAACACTGGAGTTTAAAGATGAAAGCTTCAATTGGACCGGAGTCAAACAAAACGGGAAAAGTTCTGCGTGCAAAAGGGGATCTAATAGTAGTTTTTTTAGTAGATTAAATTGGTTGACCAGCTTAGACAACAAATATCCAGCACAGAACGTAACTATGCCAAACAAGGAACGATTTGACAAATTGTACATTTGGGGGGTTCATCATCCGGACACGGACAGGAACCAATTCTCCCTGTTTGCTCAATCATCAGGAAGAATCACAGTATCTACCAAAAGAAGCCAACAAGCTGTAATCCCAAATATCGGATCTAGACCCAAAGTAAGGGATATCCCTAGCAGAATAAGCATCTATTGGACAATAGTAAAACCGGGAGACATACTTTTGATTAACAGCACAGGGAATCTAATTGCTCCTAGGGGTTACTTCAAAATACGAAGTGGAAAAAGCTCAATAATGAGATCAGACGCACCCATTGGCGAATGTAAGTCAGAATGCATCACTCCAAATGGAAGCATTCCCAATGACAAACCGTTCCAAAATGTAAACAGGATCACATACGGGGCCTGTCCCAGATACGTTAAGCAAAGCACCCTGAAATTGGCAACAGGAATGCGAAATGTACCTGAGAAACAAGCCAGAGGCATATTTGGTGCAATAGCGGGCTTCATAGAAAATGGATGGGAGGGAATGGTGGATGGTTGGTACGGTTTCAGGCATCAAAATTCTGAGGGAAGAGGACAAGCAGCAGATCTCAAAAGCACTCAAGCAGCAATCGATCAAATCAATGGGAAGCTGAATCGATTGATCGGAAAAACCAATGAGAAATTCCATCAGATTGAAAAAGAATTCTCAGAAGTAGAAGGAAGAGTTCAAGACCTTGAGAAATATGTTGAGGACACTAAAATAGATCTCTGGTCATACAACGCGGAGCTTCTTGTTGCCCTGGAGAACCAACATACGATTGACCTAACTGACTCAGAAATGAACAAGCTGTTTGAAAAAACAAAGAAACAACTGAGGGAAAATGCTGAGGATATGGGAAATGGTTGTTTCAAAATATACCACAAATGTGACAATGCCTGCATAGGATCAATAAGAAATGAAACTTATGACCACAATGTGTACAGGGATGAAGCATTAAACAACCGGTTCCAAatcaagggagttgagctgaagtcaggatacaaagattggatcctatggatttcctttgccATGtcTtgCttCCtActGtgCgtAgcACtACtAggCttTatTatgtgggcGtgTcaGaaAggCtcCCtAcaAtgTCgGatTtgTatTTAATAGCGGTCTAGTCTGGTGT,1,A7
flu-seqneut-2026_H3N2_63_bc2,CAAAACATACCTGGAAATGACAATAGCACGGCAACGCTGTGCCTTGGGCACCATGCAGTACCAAACGGAACGATAGTGAAAACAATCACAAATGACCGAATTGAAGTTACTAATGCTACTGAGTTGGTTCAGAATTCATCAATAGGTAAAATATGCAACAGTCCTCATCAGATCCTTGATGGAGGGAACTGCACACTAATAGATGCTCTATTGGGGGACCCTCAGTGTGACGGCTTTCAGAATAAGGAATGGGACCTTTTTGTTGAACGAAGCAGAGCCAACAGCAGCTGTTACCCTTATGATGTGCCGGATTATGCCTCCCTTAGGTCACTAGTTGCCTCATCCGGAACACTGGAGTTTAAAGATGAAAGCTTCAATTGGACCGGAGTCAAACAAAACGGGAAAAGTTCTGCGTGCAAAAGGGGATCTAATAGTAGTTTTTTTAGTAGATTAAATTGGTTGACCAGCTTAGACAACAAATATCCAGCACAGAACGTAACTATGCCAAACAAGGAACGATTTGACAAATTGTACATTTGGGGGGTTCATCATCCGGACACGGACAGGAACCAATTCTCCCTGTTTGCTCAATCATCAGGAAGAATCACAGTATCTACCAAAAGAAGCCAACAAGCTGTAATCCCAAATATCGGATCTAGACCCAAAGTAAGGGATATCCCTAGCAGAATAAGCATCTATTGGACAATAGTAAAACCGGGAGACATACTTTTGATTAACAGCACAGGGAATCTAATTGCTCCTAGGGGTTACTTCAAAATACGAAGTGGAAAAAGCTCAATAATGAGATCAGACGCACCCATTGGCGAATGTAAGTCAGAATGCATCACTCCAAATGGAAGCATTCCCAATGACAAACCGTTCCAAAATGTAAACAGGATCACATACGGGGCCTGTCCCAGATACGTTAAGCAAAGCACCCTGAAATTGGCAACAGGAATGCGAAATGTACCTGAGAAACAAGCCAGAGGCATATTTGGTGCAATAGCGGGCTTCATAGAAAATGGATGGGAGGGAATGGTGGATGGTTGGTACGGTTTCAGGCATCAAAATTCTGAGGGAAGAGGACAAGCAGCAGATCTCAAAAGCACTCAAGCAGCAATCGATCAAATCAATGGGAAGCTGAATCGATTGATCGGAAAAACCAATGAGAAATTCCATCAGATTGAAAAAGAATTCTCAGAAGTAGAAGGAAGAGTTCAAGACCTTGAGAAATATGTTGAGGACACTAAAATAGATCTCTGGTCATACAACGCGGAGCTTCTTGTTGCCCTGGAGAACCAACATACGATTGACCTAACTGACTCAGAAATGAACAAGCTGTTTGAAAAAACAAAGAAACAACTGAGGGAAAATGCTGAGGATATGGGAAATGGTTGTTTCAAAATATACCACAAATGTGACAATGCCTGCATAGGATCAATAAGAAATGAAACTTATGACCACAATGTGTACAGGGATGAAGCATTAAACAACCGGTTCCAAatcaagggagttgagctgaagtcaggatacaaagattggatcctatggatttcctttgccATGtcTtgCttCCtActGtgCgtAgcACtACtAggCttTatTatgtgggcGtgTcaGaaAggCtcCCtAcaAtgTCgGatTtgTatTTAATAGCCCGATACGTACAAAA,1,A8
flu-seqneut-2026_H3N2_64_bc1,CAAAACATACCTGGAAATGACAATAGCACGGCAACGCTGTGCCTTGGGCACCATGCAGTACCAAACGGAACGATAGTGAAAACAATCACAAATGACCAAATTGAAGTTACTAATGCTACTGAGTTGGTTCAGAATTCATCAATAGGTAAAATATGCAACAGTCCTCATCAGATCCTTGATGGAGGGAACTGCACACTAATAGATGCTCTATTGGGGGACCCTCAGTGTGACGGCTTTCAGAATAAGGAATGGGACCTTTTTGTTGAACGAAGCAGAGCCAACAGCAGCTGTTACCCTTATGATGTGCCGGATTATGCCTCCCTTAGGTCACTAGTTGCCTCATCCGGAACACTGGAGTTTAAAGATGAAAGCTTCAATTGGACCGGAGTCAAACAAAACGGGAAAAGTTCTGCGTGCAAAAGGGGATCTAATAGTAGTTTTTTTAGTAGATTAAATTGGTTGACCAGCTTAGACAACAAATATCCAGCACAGAACGTAACTATGCCAAACAAGGAACGATTTGACAAATTGTACATTTGGGGGGTTCATCATCCGGACACGGACAGGAACCAATTCTCCCTGTTTGCTCAATCATCAGGAAGAATCACAGTATCTACCAAAAGAAGCCAACAAGCTGTAATCCCAAATATCGGATCTAGACCCAGAGTAAGGGATATCCCTAGCAGAATAAGCATCTATTGGACAATAGTAAAACCGGGAGACATACTTTTGATTAACAGCACAGGGAATCTAATTGCTCCTAGGGGTTACTTCAAAATACGAAGTGGAAAAAGCTCAATAATGAGATCAGACGCACCCATTGGCGAATGTAAGTCAGAATGCATCACTCCAAATGGAAGCATTCCCAATGACAAACCGTTCCAAAATGTAAACAGGATCACATACGGGGCCTGTCCCAGATACGTTAAGCAAAGCACCCTGAAATTGGCAACAGGAATGCGAAATGTACCTGAGAAACAAGCCAGAGGCATATTTGGTGCAATAGCGGGCTTCATAGAAAATGGATGGGAGGGAATGGTGGATGGTTGGTACGGTTTCAGGCATCAAAATTCTGAGGGAAGAGGACAAGCAGCAGATCTCAAAAGCACTCAAGCAGCAATCGATCAAATCAATGGGAAGCTGAATCGATTGATCGGGAAAACCAATGAGAAATTCCATCAGATTGAAAAAGAATTCTCAGAAGTAGAAGGAAGAGTTCAAGACCTTGAGAAATATGTTGAGGACACTAAAATAGATCTCTGGTCATACAACGCGGAGCTTCTTGTTGCCCTGGAGAACCAACATACGATTGACCTAACTGACTCAGAAATGAACAAGCTGTTTGAAAAAACAAAGAAACAACTGAGGGAAAATGCTGAGGATATGGGAAATGGTTGTTTCAAAATATACCACAAATGTGACAATGCCTGCATAGGATCAATAAGAAATGAAACTTATGACCACAATGTGTACAGGGATGAAGCATTAAACAACCGGTTCCAAatcaagggagttgagctgaagtcaggatacaaagattggatcctatggatttcctttgccATGtcTtgCttCCtActGtgCgtAgcACtACtAggCttTatTatgtgggcGtgTcaGaaAggCtcCCtAcaAtgTCgGatTtgTatTTAATAGATGTACACCCGCTCTA,1,A9
flu-seqneut-2026_H3N2_64_bc2,CAAAACATACCTGGAAATGACAATAGCACGGCAACGCTGTGCCTTGGGCACCATGCAGTACCAAACGGAACGATAGTGAAAACAATCACAAATGACCAAATTGAAGTTACTAATGCTACTGAGTTGGTTCAGAATTCATCAATAGGTAAAATATGCAACAGTCCTCATCAGATCCTTGATGGAGGGAACTGCACACTAATAGATGCTCTATTGGGGGACCCTCAGTGTGACGGCTTTCAGAATAAGGAATGGGACCTTTTTGTTGAACGAAGCAGAGCCAACAGCAGCTGTTACCCTTATGATGTGCCGGATTATGCCTCCCTTAGGTCACTAGTTGCCTCATCCGGAACACTGGAGTTTAAAGATGAAAGCTTCAATTGGACCGGAGTCAAACAAAACGGGAAAAGTTCTGCGTGCAAAAGGGGATCTAATAGTAGTTTTTTTAGTAGATTAAATTGGTTGACCAGCTTAGACAACAAATATCCAGCACAGAACGTAACTATGCCAAACAAGGAACGATTTGACAAATTGTACATTTGGGGGGTTCATCATCCGGACACGGACAGGAACCAATTCTCCCTGTTTGCTCAATCATCAGGAAGAATCACAGTATCTACCAAAAGAAGCCAACAAGCTGTAATCCCAAATATCGGATCTAGACCCAGAGTAAGGGATATCCCTAGCAGAATAAGCATCTATTGGACAATAGTAAAACCGGGAGACATACTTTTGATTAACAGCACAGGGAATCTAATTGCTCCTAGGGGTTACTTCAAAATACGAAGTGGAAAAAGCTCAATAATGAGATCAGACGCACCCATTGGCGAATGTAAGTCAGAATGCATCACTCCAAATGGAAGCATTCCCAATGACAAACCGTTCCAAAATGTAAACAGGATCACATACGGGGCCTGTCCCAGATACGTTAAGCAAAGCACCCTGAAATTGGCAACAGGAATGCGAAATGTACCTGAGAAACAAGCCAGAGGCATATTTGGTGCAATAGCGGGCTTCATAGAAAATGGATGGGAGGGAATGGTGGATGGTTGGTACGGTTTCAGGCATCAAAATTCTGAGGGAAGAGGACAAGCAGCAGATCTCAAAAGCACTCAAGCAGCAATCGATCAAATCAATGGGAAGCTGAATCGATTGATCGGGAAAACCAATGAGAAATTCCATCAGATTGAAAAAGAATTCTCAGAAGTAGAAGGAAGAGTTCAAGACCTTGAGAAATATGTTGAGGACACTAAAATAGATCTCTGGTCATACAACGCGGAGCTTCTTGTTGCCCTGGAGAACCAACATACGATTGACCTAACTGACTCAGAAATGAACAAGCTGTTTGAAAAAACAAAGAAACAACTGAGGGAAAATGCTGAGGATATGGGAAATGGTTGTTTCAAAATATACCACAAATGTGACAATGCCTGCATAGGATCAATAAGAAATGAAACTTATGACCACAATGTGTACAGGGATGAAGCATTAAACAACCGGTTCCAAatcaagggagttgagctgaagtcaggatacaaagattggatcctatggatttcctttgccATGtcTtgCttCCtActGtgCgtAgcACtACtAggCttTatTatgtgggcGtgTcaGaaAggCtcCCtAcaAtgTCgGatTtgTatTTAATAGACTTCACAGGTTGATA,1,A10
flu-seqneut-2026_H3N2_65_bc1,CAAAACATACCTGGAAATGACAATAGCACGGCAACGCTGTGCCTTGGGCACCATGCAGTACCAAACGGAACGATAGTGAAAACAATCACAAATGACCGAATTGAAGTTACTAATGCTACTGAGTTGGTTCAGAATTCATCAATAGGTAAAATATGCAACAGTCCTCATCAGATCCTTGATGGAGGGAGCTGCACACTAATAGATGCTCTATTGGGGGACCCTCAGTGTGACGGCTTTCAGAATAAGGAATGGGACCTTTTTGTTGAACGAAGCAGAGCCAACAGCAGCTGTTACCCTTATGATGTGCCGGATTATGCCTCCCTTAGGTCACTAGTTGCCTCATCCGGAACACTGGAGTTTAAAGATGAAAGCTTCAATTGGACCGGAGTCAAACAAAACGGGAAAAGTTCTGCGTGCAAAAGGGGATCTAATAGTAGTTTTTTTAGTAGATTAAATTGGTTGACCAGCTTAGACAACAAATATCCAGCACAGAACGTGACTATGCCAAACAAGGAACGATTTGACAAATTGTACATTTGGGGGGTTCATCATCCGGACACGGACAGGAACCAATTCTCCCTGTTTGCTCAATCATCAGGAAGAATCACAGTATCTACCAAAAGAAGCCAACAAGCTGTAATCCCAAATATCGGATCTAGACCCAGAGTAAGGGATATCCCTAGCAGAATAAGCATCTATTGGACAATAGTAAAACCGGGAGACATACTTTTGATTAACAGCACAGGGAATCTAATTGCTCCTAGGGGTTACTTCAAAATACGAAGTGGAAAAAGCTCAATAATGAGATCAGACGCACCCATTGGCGAATGTAAGTCAGAATGCATCACTCCAAATGGAAGCATTCCCAATGACAAACCGTTCCAAAATGTAAACAGGATCACATACGGGGCCTGTCCCAGATACGTTAAGCAAAGCACCCTGAAATTGGCAACAGGAATGCGAAATGTACCTGAGAAACAAGCCAGAGGCATATTTGGTGCAATAGCGGGCTTCATAGAAAATGGATGGGAGGGAATGGTGGATGGTTGGTACGGTTTCAGGCATCAAAATTCTGAGGGAAGAGGACAAGCAGCAGATCTCAAAAGCACTCAAGCAGCAATCGATCAAATCAATGGGAAGCTGAATCGATTGATCGGAAAAACCAATGAGAAATTCCATCAGATTGAAAAAGAATTCTCAGAAGTAGAAGGAAGAGTTCAAGACCTTGAGAAATATGTTGAGGACACTAAAATAGATCTCTGGTCATACAACGCGGAGCTTCTTGTTGCCCTGGAGAACCAACATACGATTGACCTAACTGACTCAGAAATGAACAAGCTGTTTGAAAAAACAAAGAAACAACTGAGGGAAAATGCTGAGGATATGGGAAATGGTTGTTTCAAAATATACCACAAATGTGACAATGCCTGCATAGGATCAATAAGAAATGAAACTTATGACCACAATGTGTACAGGGATGAAGCATTAAACAACCGGTTTCAAatcaagggagttgagctgaagtcaggatacaaagattggatcctatggatttcctttgccATGtcTtgCttCCtActGtgCgtAgcACtACtAggCttTatTatgtgggcGtgTcaGaaAggCtcCCtAcaAtgTCgGatTtgTatTTAATAGAGAGATGGTCCGTGCC,1,A11
flu-seqneut-2026_H3N2_65_bc2,CAAAACATACCTGGAAATGACAATAGCACGGCAACGCTGTGCCTTGGGCACCATGCAGTACCAAACGGAACGATAGTGAAAACAATCACAAATGACCGAATTGAAGTTACTAATGCTACTGAGTTGGTTCAGAATTCATCAATAGGTAAAATATGCAACAGTCCTCATCAGATCCTTGATGGAGGGAGCTGCACACTAATAGATGCTCTATTGGGGGACCCTCAGTGTGACGGCTTTCAGAATAAGGAATGGGACCTTTTTGTTGAACGAAGCAGAGCCAACAGCAGCTGTTACCCTTATGATGTGCCGGATTATGCCTCCCTTAGGTCACTAGTTGCCTCATCCGGAACACTGGAGTTTAAAGATGAAAGCTTCAATTGGACCGGAGTCAAACAAAACGGGAAAAGTTCTGCGTGCAAAAGGGGATCTAATAGTAGTTTTTTTAGTAGATTAAATTGGTTGACCAGCTTAGACAACAAATATCCAGCACAGAACGTGACTATGCCAAACAAGGAACGATTTGACAAATTGTACATTTGGGGGGTTCATCATCCGGACACGGACAGGAACCAATTCTCCCTGTTTGCTCAATCATCAGGAAGAATCACAGTATCTACCAAAAGAAGCCAACAAGCTGTAATCCCAAATATCGGATCTAGACCCAGAGTAAGGGATATCCCTAGCAGAATAAGCATCTATTGGACAATAGTAAAACCGGGAGACATACTTTTGATTAACAGCACAGGGAATCTAATTGCTCCTAGGGGTTACTTCAAAATACGAAGTGGAAAAAGCTCAATAATGAGATCAGACGCACCCATTGGCGAATGTAAGTCAGAATGCATCACTCCAAATGGAAGCATTCCCAATGACAAACCGTTCCAAAATGTAAACAGGATCACATACGGGGCCTGTCCCAGATACGTTAAGCAAAGCACCCTGAAATTGGCAACAGGAATGCGAAATGTACCTGAGAAACAAGCCAGAGGCATATTTGGTGCAATAGCGGGCTTCATAGAAAATGGATGGGAGGGAATGGTGGATGGTTGGTACGGTTTCAGGCATCAAAATTCTGAGGGAAGAGGACAAGCAGCAGATCTCAAAAGCACTCAAGCAGCAATCGATCAAATCAATGGGAAGCTGAATCGATTGATCGGAAAAACCAATGAGAAATTCCATCAGATTGAAAAAGAATTCTCAGAAGTAGAAGGAAGAGTTCAAGACCTTGAGAAATATGTTGAGGACACTAAAATAGATCTCTGGTCATACAACGCGGAGCTTCTTGTTGCCCTGGAGAACCAACATACGATTGACCTAACTGACTCAGAAATGAACAAGCTGTTTGAAAAAACAAAGAAACAACTGAGGGAAAATGCTGAGGATATGGGAAATGGTTGTTTCAAAATATACCACAAATGTGACAATGCCTGCATAGGATCAATAAGAAATGAAACTTATGACCACAATGTGTACAGGGATGAAGCATTAAACAACCGGTTTCAAatcaagggagttgagctgaagtcaggatacaaagattggatcctatggatttcctttgccATGtcTtgCttCCtActGtgCgtAgcACtACtAggCttTatTatgtgggcGtgTcaGaaAggCtcCCtAcaAtgTCgGatTtgTatTTAATAGAGGCCGCCGGTCATGA,1,A12
flu-seqneut-2026_H3N2_66_bc1,CAAAAAATACCTGGAAATGACAATAGCACGGCAACGCTGTGCCTTGGGCACCATGCAGTACCAAACGGAACGATAGTGAAAACAATCACAAATGACCGAATTGAAGTTACTAATGCTACTGAGTTGGTTCAGAATTCATCAATAGGTAAAATATGCAACAACCCTCATCAGATCCTTGATGGAGGGAACTGCACACTAATAGATGCTCTATTGGGGGACCCTCAGTGTGACGGCTTTCAGAATAAGGAATGGGACCTTTTTGTTGAACGAAGCAGAGCCAACAGCAGCTGTTACCCTTATGATGTGCCGGATTATGCCTCCCTTAGGTCACTAGTTGCCTCATCCGGAACACTGGAGTTTAAAGATGAAAGCTTCAATTGGACTGGAGTCAAACAAGACGGAACAAGTTCTGCGTGCAAAAGGGGATCTAGTAATAGTTTTTTTAGTAGATTAAATTGGTTGACCAGCTTAAAGAACATATATCCAGCACAGAACGTGACTATGCCAAACAAGGAACAATTTGACAAATTGTACATTTGGGGGGTTCATCATCCGGATACGGACAGGAACCAATTCTCCCTGTTTGCTCAATCATCAGGAAGAATCACAGTATCTACCAAAAGAAGCCAACAAGCTGTAATCCCAAATATCGGATCTAGACCCAGAGTAAGGGATATCCCTAGCAGAATAAGCATCTATTGGACAATAGTAAAACCGGGAGACATACTTTTGATTAACAGCACAGGGAATCTAATTGCTCCTAGGGGTTACTTCAAAATACGAAGTGGGAAAAGCTCAATAATGAGATCAGACGCACCCATTGGCGAATGTAAGTCTGAATGCATCACTCCAAATGGAAGCATTCCCAATGACAAACCGTTCCAAAATGTAAACAGGATCACATACGGGGCCTGTCCCAGATACGTTAAGCAAAGCACCCTGAAATTGGCAACAGGAATGCGAAATGTACCTGAGAAACAAACCAGAGGCATATTTGGTGCAATAGCGGGTTTCATAGAAAATGGATGGGAGGGAATGGTGGATGGTTGGTACGGTTTCAGGCATCAAAATTCTGAGGGAAGAGGACAAGCAGCAGATCTCAAAAGCACTCAAGCAGCAATCGATCAAATCAATGGGAAGCTGAATCGATTGATCGGAAAAACCAACGAGAAATTCCATCAGATTGAAAAAGAATTCTCAGAAGTAGAAGGAAGAGTTCAAGACCTTGAGAAATATGTTGAGGACACTAAAATAGATCTCTGGTCATACAACGCGGAGCTTCTTGTTGCCCTGGAGAACCAACATACGATTGACCTAACTGACTCAGAAATGAACAAGCTGTTTGAAAAAACAAAGAAGCAACTGAGGGAAAATGCTGAGGATATGGGAAATGGTTGTTTCAAAATATACCACAAATGTGACAATGCCTGCATAGGATCAATAAGAAATGAAACTTATGACCACAATGTGTACAGGGATGAAGCATTAAACAACCGGTTCCAGatcaagggagttgagctgaagtcaggatacaaagattggatcctatggatttcctttgccATGtcTtgCttCCtActGtgCgtAgcACtACtAggCttTatTatgtgggcGtgTcaGaaAggCtcCCtAcaAtgTCgGatTtgTatTTAATAGAGCCAGTCAAAGTCTC,1,B1
flu-seqneut-2026_H3N2_66_bc2,CAAAAAATACCTGGAAATGACAATAGCACGGCAACGCTGTGCCTTGGGCACCATGCAGTACCAAACGGAACGATAGTGAAAACAATCACAAATGACCGAATTGAAGTTACTAATGCTACTGAGTTGGTTCAGAATTCATCAATAGGTAAAATATGCAACAACCCTCATCAGATCCTTGATGGAGGGAACTGCACACTAATAGATGCTCTATTGGGGGACCCTCAGTGTGACGGCTTTCAGAATAAGGAATGGGACCTTTTTGTTGAACGAAGCAGAGCCAACAGCAGCTGTTACCCTTATGATGTGCCGGATTATGCCTCCCTTAGGTCACTAGTTGCCTCATCCGGAACACTGGAGTTTAAAGATGAAAGCTTCAATTGGACTGGAGTCAAACAAGACGGAACAAGTTCTGCGTGCAAAAGGGGATCTAGTAATAGTTTTTTTAGTAGATTAAATTGGTTGACCAGCTTAAAGAACATATATCCAGCACAGAACGTGACTATGCCAAACAAGGAACAATTTGACAAATTGTACATTTGGGGGGTTCATCATCCGGATACGGACAGGAACCAATTCTCCCTGTTTGCTCAATCATCAGGAAGAATCACAGTATCTACCAAAAGAAGCCAACAAGCTGTAATCCCAAATATCGGATCTAGACCCAGAGTAAGGGATATCCCTAGCAGAATAAGCATCTATTGGACAATAGTAAAACCGGGAGACATACTTTTGATTAACAGCACAGGGAATCTAATTGCTCCTAGGGGTTACTTCAAAATACGAAGTGGGAAAAGCTCAATAATGAGATCAGACGCACCCATTGGCGAATGTAAGTCTGAATGCATCACTCCAAATGGAAGCATTCCCAATGACAAACCGTTCCAAAATGTAAACAGGATCACATACGGGGCCTGTCCCAGATACGTTAAGCAAAGCACCCTGAAATTGGCAACAGGAATGCGAAATGTACCTGAGAAACAAACCAGAGGCATATTTGGTGCAATAGCGGGTTTCATAGAAAATGGATGGGAGGGAATGGTGGATGGTTGGTACGGTTTCAGGCATCAAAATTCTGAGGGAAGAGGACAAGCAGCAGATCTCAAAAGCACTCAAGCAGCAATCGATCAAATCAATGGGAAGCTGAATCGATTGATCGGAAAAACCAACGAGAAATTCCATCAGATTGAAAAAGAATTCTCAGAAGTAGAAGGAAGAGTTCAAGACCTTGAGAAATATGTTGAGGACACTAAAATAGATCTCTGGTCATACAACGCGGAGCTTCTTGTTGCCCTGGAGAACCAACATACGATTGACCTAACTGACTCAGAAATGAACAAGCTGTTTGAAAAAACAAAGAAGCAACTGAGGGAAAATGCTGAGGATATGGGAAATGGTTGTTTCAAAATATACCACAAATGTGACAATGCCTGCATAGGATCAATAAGAAATGAAACTTATGACCACAATGTGTACAGGGATGAAGCATTAAACAACCGGTTCCAGatcaagggagttgagctgaagtcaggatacaaagattggatcctatggatttcctttgccATGtcTtgCttCCtActGtgCgtAgcACtACtAggCttTatTatgtgggcGtgTcaGaaAggCtcCCtAcaAtgTCgGatTtgTatTTAATAGGTCGCTCCAGGCGGTT,1,B2
flu-seqneut-2026_H3N2_67_bc1,CAAAACATACCTGGAAATGACAATAGCACGGCAACGCTGTGCCTTGGGCACCATGCAGTACCAAACGGAACGATAGTGAAAACAATCACAAATGACCGAATTGAAGTTACTAATGCTACTGAGTTGGTTCAGAATTCATCAATAGGTAAAATATGCAACAGTCCTCATCAGATTCTTGATGGAGGGAACTGCACACTAATAGATGCTCTATTGGGGGACCCTCAGTGTGACGGCTTTCAGAATAAGGAATGGGACCTTTTTGTTGAACGAAGCAGAGCCAACAGCAGCTGTTACCCTTATGATGTGCCGGATTATGCCTCCCTTAGGTCACTAGTTGCCTCATCCGGAACACTGGAGTTTAAAGATGAAAGCTTCAATTGGACCGGAGTCAAACAAAACGGGAAAAGTTCTGCGTGCAAAAGGGGATCTAATAGTAGTTTTTTTAGTAGATTAAATTGGTTGACCAGCTTAGACAACAAATATCCAGCACAGAACGTGACTATGCCAAACAAGGAACGATTTGACAAATTGTACATTTGGGGGGTTCATCATCCGGACACGGACAGGAACCAATTCTCCCTGTTTGCTCAATCATCAGGAAGAATCACAGTATCTACCAAAAGAAGCCAACAAGCTGTAATCCCAAATATCGGATCTAGACCCAGAGTAAGGGATATCCCTAGCAGAATAAGCATCTATTGGACAATAGTAAAATCGGGAGACATACTTTTGATTAACAGCACAGGGAATCTAATTGCTCCTAGGGGTTACTTCAAAATACGAAGTGGAAAAAGCTCAATAATGAGATCAGACGTACCCATTGGCGAATGTAAGTCAGAATGCATCACTCCAAATGGAAGCATTCCCAATGACAAACCGTTCCAAAATGTAAACAGGATCACATACGGGGCCTGTCCCAGATACGTTAAGCAAAGCACCCTGAAATTGGCAACAGGAATGCGAAATGTACCTGAGAAACAAGCCAGAGGCATATTTGGTGCAATAGCGGGCTTCATAGAAAATGGATGGGAGGGAATGGTGGATGGTTGGTACGGTTTCAGGCATCAAAATTCTGAGGGAAGAGGACAAGCAGCAGATCTCAAAAGCACTCAAGCAGCAATCGATCAAATCAATGGGAAGCTGAATCGATTGATCGGAAAAACCAATGAGAAATTCCATCAGATTGAAAAAGAATTCTCAGAAGTAGAAGGAAGAGTTCAAGACCTTGAGAAATATGTTGAGGACACTAAAATAGATCTCTGGTCATACAACGCGGAGCTTCTTGTTGCCCTGGAGAACCAACATACGATTGACCTAACTGACTCAGAAATGAACAAGCTGTTTGAAAAAACAAAGAAACAACTGAGGGAAAATGCTGAGGATATGGGAAATGGTTGTTTCAAAATATACCACAAATGTGACAATGCCTGCATAGGATCAATAAGAAATGAAACTTATGACCACAATGTGTACAGGGATGAAGCATTAAACAACCGGTTCCAAatcaagggagttgagctgaagtcaggatacaaagattggatcctatggatttcctttgccATGtcTtgCttCCtActGtgCgtAgcACtACtAggCttTatTatgtgggcGtgTcaGaaAggCtcCCtAcaAtgTCgGatTtgTatTTAATAGAACGAGTGAGAATGCT,1,B3
flu-seqneut-2026_H3N2_67_bc2,CAAAACATACCTGGAAATGACAATAGCACGGCAACGCTGTGCCTTGGGCACCATGCAGTACCAAACGGAACGATAGTGAAAACAATCACAAATGACCGAATTGAAGTTACTAATGCTACTGAGTTGGTTCAGAATTCATCAATAGGTAAAATATGCAACAGTCCTCATCAGATTCTTGATGGAGGGAACTGCACACTAATAGATGCTCTATTGGGGGACCCTCAGTGTGACGGCTTTCAGAATAAGGAATGGGACCTTTTTGTTGAACGAAGCAGAGCCAACAGCAGCTGTTACCCTTATGATGTGCCGGATTATGCCTCCCTTAGGTCACTAGTTGCCTCATCCGGAACACTGGAGTTTAAAGATGAAAGCTTCAATTGGACCGGAGTCAAACAAAACGGGAAAAGTTCTGCGTGCAAAAGGGGATCTAATAGTAGTTTTTTTAGTAGATTAAATTGGTTGACCAGCTTAGACAACAAATATCCAGCACAGAACGTGACTATGCCAAACAAGGAACGATTTGACAAATTGTACATTTGGGGGGTTCATCATCCGGACACGGACAGGAACCAATTCTCCCTGTTTGCTCAATCATCAGGAAGAATCACAGTATCTACCAAAAGAAGCCAACAAGCTGTAATCCCAAATATCGGATCTAGACCCAGAGTAAGGGATATCCCTAGCAGAATAAGCATCTATTGGACAATAGTAAAATCGGGAGACATACTTTTGATTAACAGCACAGGGAATCTAATTGCTCCTAGGGGTTACTTCAAAATACGAAGTGGAAAAAGCTCAATAATGAGATCAGACGTACCCATTGGCGAATGTAAGTCAGAATGCATCACTCCAAATGGAAGCATTCCCAATGACAAACCGTTCCAAAATGTAAACAGGATCACATACGGGGCCTGTCCCAGATACGTTAAGCAAAGCACCCTGAAATTGGCAACAGGAATGCGAAATGTACCTGAGAAACAAGCCAGAGGCATATTTGGTGCAATAGCGGGCTTCATAGAAAATGGATGGGAGGGAATGGTGGATGGTTGGTACGGTTTCAGGCATCAAAATTCTGAGGGAAGAGGACAAGCAGCAGATCTCAAAAGCACTCAAGCAGCAATCGATCAAATCAATGGGAAGCTGAATCGATTGATCGGAAAAACCAATGAGAAATTCCATCAGATTGAAAAAGAATTCTCAGAAGTAGAAGGAAGAGTTCAAGACCTTGAGAAATATGTTGAGGACACTAAAATAGATCTCTGGTCATACAACGCGGAGCTTCTTGTTGCCCTGGAGAACCAACATACGATTGACCTAACTGACTCAGAAATGAACAAGCTGTTTGAAAAAACAAAGAAACAACTGAGGGAAAATGCTGAGGATATGGGAAATGGTTGTTTCAAAATATACCACAAATGTGACAATGCCTGCATAGGATCAATAAGAAATGAAACTTATGACCACAATGTGTACAGGGATGAAGCATTAAACAACCGGTTCCAAatcaagggagttgagctgaagtcaggatacaaagattggatcctatggatttcctttgccATGtcTtgCttCCtActGtgCgtAgcACtACtAggCttTatTatgtgggcGtgTcaGaaAggCtcCCtAcaAtgTCgGatTtgTatTTAATAGCGGCGGATAAGCCCTT,1,B4
flu-seqneut-2026_H1N1_53_bc1,ataTGTATAGGTTATCATGCGAACAATTCAACAGACACTGTGGACACAGTACTAGAAAAGAATGTAACAGTAACACACTCTGTCAATCTTCTAGAAGACAAGCATAACGGAAAACTATGCAAACTAAGAGGGGTAAGCCCATTGCATTTGGGTCAATGTAACATTGCTGGCTGGATCCTGGGAAATCCAGAGTGTGAATCACTCTCCACAGCAAGCTCATGGTCCTACATTGTGGAAACATCTAATTCAGACAATGGAACGTGTTACCCAGGAGATTTCATCAATTATGAGGAGCTAAGAGAGCAATTGAGCTCAGTGTCATCATTTGAACGGTTTGAAATATTCCCCAAGGCAAGTTCATGGCCTAATCATGACTCGGACAATGGTGTAACGGCAGCATGTTCTCACGCTGGAGCAAGAAGCTTCTACAAAAACTTGATATGGCTGGTTAAAAAAGGAAAATCGTACCCAAAGATCAACCAAACCTACTTCAATGATAAAGGGAAAGAAGTCCTCGTGCTGTGGGGCATTCACCATCCACCCACTATTACTGACCAAGAAAGTCTCTATCAGAATGCAGATGCGTATGTTTTTGTGGGGACATCAAGATACAGCAAGAAGTTCAAGCCGGAAATAGCAGCAAGACCCAAAGTGAGGGATCAAGCAGGGAGAATGAACTATTACTGGACACTAGTAGAACCGGGAGACAAAATAACATTCGAAGCAACTGGTAATCTAGTGGCACCGAGGTATGCATTCACAATGGAAAAAGAAGCTGGATCTGGTATTATCATTTCAGATACACCAGTCCACGATTGTAATGCAACTTGTCAGACACCCGAGGGTGCTATAAACACCAGCCTCCCATTTCAAAATGTACATCCGATCACGATTGGGAAATGTCCAAAGTATGTAAGAAGCACAAAACTGAGGCTGGCCACAGGACTGAGGAATGTCCCGTCTATTCAATCTAGAGGCCTATTCGGGGCCATTGCTGGCTTCATCGAAGGGGGATGGACAGGGATGGTCGATGGATGGTACGGTTATCACCATCAAAATGATCAGGGATCAGGATATGCAGCCGATCTGAAGAGCACACAAAATGCCGTTGATAAGATTACCAACAAAGTAAATTCTGTTATTGAAAAGATGAATACACAGTTCACAGCAGTTGGTAAAGAGTTCAACCACCTTGAAAAAAGAATAGAAAATCTAAATAAAAAGGTTGATGATGGTTTCCTGGACGTTTGGACTTACAATGCCGAACTGCTGGTTCTACTGGAAAATGAAAGAACTTTGGACTATCACGATTCAAATGTGAAGAACTTGTATGAAAAAGTAAGACACCAGTTAAAAAACAATGCCAAGGAAACTGGAAACGGCTGCTTTGAATTTTACCACAAATGCGACAACACATGCATGGAAAGTGTCAAGAATGGGACTTATGACTACCCAAAATACTCAGAGGAAGCAAAATTGAACAGAGAAAAAATAGATGGAGTAaaattggaatcaatgggagtgtatcagattctggcgatatattctacagtggcaagctccttagtactgctagtttctttaggagcgattagcttttggatgtgctccaacggCtcCCtAcaAtgTCgGatTtgTatTTAATAGGCGGTGCTCAGCGGGT,1,B5
flu-seqneut-2026_H1N1_53_bc2,ataTGTATAGGTTATCATGCGAACAATTCAACAGACACTGTGGACACAGTACTAGAAAAGAATGTAACAGTAACACACTCTGTCAATCTTCTAGAAGACAAGCATAACGGAAAACTATGCAAACTAAGAGGGGTAAGCCCATTGCATTTGGGTCAATGTAACATTGCTGGCTGGATCCTGGGAAATCCAGAGTGTGAATCACTCTCCACAGCAAGCTCATGGTCCTACATTGTGGAAACATCTAATTCAGACAATGGAACGTGTTACCCAGGAGATTTCATCAATTATGAGGAGCTAAGAGAGCAATTGAGCTCAGTGTCATCATTTGAACGGTTTGAAATATTCCCCAAGGCAAGTTCATGGCCTAATCATGACTCGGACAATGGTGTAACGGCAGCATGTTCTCACGCTGGAGCAAGAAGCTTCTACAAAAACTTGATATGGCTGGTTAAAAAAGGAAAATCGTACCCAAAGATCAACCAAACCTACTTCAATGATAAAGGGAAAGAAGTCCTCGTGCTGTGGGGCATTCACCATCCACCCACTATTACTGACCAAGAAAGTCTCTATCAGAATGCAGATGCGTATGTTTTTGTGGGGACATCAAGATACAGCAAGAAGTTCAAGCCGGAAATAGCAGCAAGACCCAAAGTGAGGGATCAAGCAGGGAGAATGAACTATTACTGGACACTAGTAGAACCGGGAGACAAAATAACATTCGAAGCAACTGGTAATCTAGTGGCACCGAGGTATGCATTCACAATGGAAAAAGAAGCTGGATCTGGTATTATCATTTCAGATACACCAGTCCACGATTGTAATGCAACTTGTCAGACACCCGAGGGTGCTATAAACACCAGCCTCCCATTTCAAAATGTACATCCGATCACGATTGGGAAATGTCCAAAGTATGTAAGAAGCACAAAACTGAGGCTGGCCACAGGACTGAGGAATGTCCCGTCTATTCAATCTAGAGGCCTATTCGGGGCCATTGCTGGCTTCATCGAAGGGGGATGGACAGGGATGGTCGATGGATGGTACGGTTATCACCATCAAAATGATCAGGGATCAGGATATGCAGCCGATCTGAAGAGCACACAAAATGCCGTTGATAAGATTACCAACAAAGTAAATTCTGTTATTGAAAAGATGAATACACAGTTCACAGCAGTTGGTAAAGAGTTCAACCACCTTGAAAAAAGAATAGAAAATCTAAATAAAAAGGTTGATGATGGTTTCCTGGACGTTTGGACTTACAATGCCGAACTGCTGGTTCTACTGGAAAATGAAAGAACTTTGGACTATCACGATTCAAATGTGAAGAACTTGTATGAAAAAGTAAGACACCAGTTAAAAAACAATGCCAAGGAAACTGGAAACGGCTGCTTTGAATTTTACCACAAATGCGACAACACATGCATGGAAAGTGTCAAGAATGGGACTTATGACTACCCAAAATACTCAGAGGAAGCAAAATTGAACAGAGAAAAAATAGATGGAGTAaaattggaatcaatgggagtgtatcagattctggcgatatattctacagtggcaagctccttagtactgctagtttctttaggagcgattagcttttggatgtgctccaacggCtcCCtAcaAtgTCgGatTtgTatTTAATAGTACCCTTAGTGGAGAT,1,B6
flu-seqneut-2026_H1N1_54_bc1,ataTGTATAGGTTATCATGCGAACAATTCAACAGACACTGTGGACACAGTACTAGAAAAGAATGTAACAGTAACACACTCTGTCAATCTTCTAGAAGACAAGCATAACGGAAAACTATGCAAACTAAGAGGGGTAGCCCCATTGCATTTGGGTCAATGTAACATTGCTGGCTGGATCCTGGGAAATCCAGAGTGTGAATCACTCTCCACAGCAAGCTCATGGTCCTACATTGTGGAAACATCTAATTCAGACAATGGAACGTGTTACCCAGGAGATTTCATCAATTATGAGGAGCTAAGAGAGCAATTGAGCTCAGTGTCATCATTTGAACGGTTTGAAATATTCCCCAAGGCAAGTTCATGGCCTAATCATGACTCGGACAATGGTGTAACGGCAGCATGTTCTCACGCTGGAGCAAGAAGCTTCTACAAAAACTTGATATGGCTGGTTAAAAAAGGAAAATCGTACCCAAAGATCAACCAAACCTACTTCAATGATAAAGGGAAAGAAGTCCTCGTGCTGTGGGGCATTCACCATCCACCCACTATTACTGACCAAGAAAGTCTCTATCAGAATGCAGATGCGTATGTTTTTGTGGGGACATCAAGATACAGCAAGAAGTTCAAGCCGGAAATAGCAGCAAGACCCAAAGTGAGGGATCAAGCAGGGAGAATGAACTATTACTGGACACTAGTAGAACCGGGAGACAAAATAACATTCGAAGCAACTGGTAATCTAGTGGCACCGAGGTATGCATTCACAATGGAAAAAGAAGCTGGATCTGGTATTATCATTTCAGATACACCAGTCCACGATTGTAATGCAACTTGTCAGACACCCGAGGGTGCTATAAACACCAGCCTCCCATTTCAAAATGTACATCCGATCACGATTGGGAAATGTCCAAAGTATGTAAGAAGCACAAAACTGAGGCTGGCCACAGGACTGAGGAATGTCCCGTCTATTCAATCTAGAGGCCTATTCGGGGCCATTGCTGGCTTCATCGAAGGGGGATGGACAGGGATGGTCGATGGATGGTACGGTTATCACCATCAAAATGATCAGGGATCAGGATATGCAGCCGATCTGAAGAGCACACAAAATGCCGTTGATAAGATTACCAACAAAGTAAATTCTGTTATTGAAAAGATGAATACACAGTTCACAGCAGTTGGTAAAGAGTTCAACCACCTTGAAAAAAGAATAGAAAATCTAAATAAAAAGGTTGATGATGGTTTCCTGGACGTTTGGACTTACAATGCCGAACTGCTGGTTCTACTGGAAAATGAAAGAACTTTGGACTATCACGATTCAAATGTGAAGAACTTGTATGAAAAAGTAAGACACCAGTTAAAAAACAATGCCAAGGAAACTGGAAACGGCTGCTTTGAATTTTACCACAAATGCGACAACACATGCATGGAAAGTGTCAAGAATGGGACTTATGACTACCCAAAATACTCAGAGGAAGCAAAATTGAACAGAGAAAAAATAGATGGAGTAaaattggaatcaatgggagtgtatcagattctggcgatatattctacagtggcaagctccttagtactgctagtttctttaggagcgattagcttttggatgtgctccaacggCtcCCtAcaAtgTCgGatTtgTatTTAATAGACGTCTTCATTTTCCC,1,B7
flu-seqneut-2026_H1N1_54_bc2,ataTGTATAGGTTATCATGCGAACAATTCAACAGACACTGTGGACACAGTACTAGAAAAGAATGTAACAGTAACACACTCTGTCAATCTTCTAGAAGACAAGCATAACGGAAAACTATGCAAACTAAGAGGGGTAGCCCCATTGCATTTGGGTCAATGTAACATTGCTGGCTGGATCCTGGGAAATCCAGAGTGTGAATCACTCTCCACAGCAAGCTCATGGTCCTACATTGTGGAAACATCTAATTCAGACAATGGAACGTGTTACCCAGGAGATTTCATCAATTATGAGGAGCTAAGAGAGCAATTGAGCTCAGTGTCATCATTTGAACGGTTTGAAATATTCCCCAAGGCAAGTTCATGGCCTAATCATGACTCGGACAATGGTGTAACGGCAGCATGTTCTCACGCTGGAGCAAGAAGCTTCTACAAAAACTTGATATGGCTGGTTAAAAAAGGAAAATCGTACCCAAAGATCAACCAAACCTACTTCAATGATAAAGGGAAAGAAGTCCTCGTGCTGTGGGGCATTCACCATCCACCCACTATTACTGACCAAGAAAGTCTCTATCAGAATGCAGATGCGTATGTTTTTGTGGGGACATCAAGATACAGCAAGAAGTTCAAGCCGGAAATAGCAGCAAGACCCAAAGTGAGGGATCAAGCAGGGAGAATGAACTATTACTGGACACTAGTAGAACCGGGAGACAAAATAACATTCGAAGCAACTGGTAATCTAGTGGCACCGAGGTATGCATTCACAATGGAAAAAGAAGCTGGATCTGGTATTATCATTTCAGATACACCAGTCCACGATTGTAATGCAACTTGTCAGACACCCGAGGGTGCTATAAACACCAGCCTCCCATTTCAAAATGTACATCCGATCACGATTGGGAAATGTCCAAAGTATGTAAGAAGCACAAAACTGAGGCTGGCCACAGGACTGAGGAATGTCCCGTCTATTCAATCTAGAGGCCTATTCGGGGCCATTGCTGGCTTCATCGAAGGGGGATGGACAGGGATGGTCGATGGATGGTACGGTTATCACCATCAAAATGATCAGGGATCAGGATATGCAGCCGATCTGAAGAGCACACAAAATGCCGTTGATAAGATTACCAACAAAGTAAATTCTGTTATTGAAAAGATGAATACACAGTTCACAGCAGTTGGTAAAGAGTTCAACCACCTTGAAAAAAGAATAGAAAATCTAAATAAAAAGGTTGATGATGGTTTCCTGGACGTTTGGACTTACAATGCCGAACTGCTGGTTCTACTGGAAAATGAAAGAACTTTGGACTATCACGATTCAAATGTGAAGAACTTGTATGAAAAAGTAAGACACCAGTTAAAAAACAATGCCAAGGAAACTGGAAACGGCTGCTTTGAATTTTACCACAAATGCGACAACACATGCATGGAAAGTGTCAAGAATGGGACTTATGACTACCCAAAATACTCAGAGGAAGCAAAATTGAACAGAGAAAAAATAGATGGAGTAaaattggaatcaatgggagtgtatcagattctggcgatatattctacagtggcaagctccttagtactgctagtttctttaggagcgattagcttttggatgtgctccaacggCtcCCtAcaAtgTCgGatTtgTatTTAATAGTGCACTTGACCGGGAA,1,B8
