shortname,insert_sequence
flu-seqneut-2026_H3N2_60_bc1,CAAAAAATACCTGGAAATGACAATAGCACGGCAACGCTGTGCCTTGGGCACCATGCAGTACCAAACGGAACGATAGTGAAAACAATCACAAATGACCGAATTGAAGTTACTAATGCTACTGAGTTGGTTCAGAATTCATCAATAGGTAAAATATGCAACAGTCCTCATCAGATCCTTGATGGAGGGAACTGCACACTAATAGATGCTCTATTGGGGGACCCTCAGTGTGACGGCGTTCAGAATAAGGAATGGGACCTTTTTGTTGAACGAAGCAGAGCCAACAGCAGCTGTTACCCTTATGATGTGCCGGATTATGCCTCCCTTAGGTCACTAGTTGCCTCATCCGGAACACTGGAGTTTAAAGATGAAAGCTTCAATTGGACCGGAGTCAAACAAAACGGGAAAAGTTCTGCGTGCAAAAGGGGATCTAATAGTAGTTTTTTTAGTAGATTAAATTGGTTGACCAGCTTAGACAACAAATATCCAGCACAGAACGTGACTATGCCAAACAAGGAACAATTTGACAAATTGTACATTTGGGGGGTTCATCATCCGGACACGGACAGGAACCAATTCTCCCTGTTTGCTCAAACATCAGGAAGAATCACAGTATCTACCAAAAGAAGCCAACAAGCTGTAATCCCAAATATCGGATCTAGACCCAGAGTAAGGGATATCCCTAGCAGAATAAGCATCTATTGGACAATAGTAAAACCGGGAGACATACTTTTGATTAACAGCACAGGGAATCTAATTGCTCCTAGGGGTTACTTCAAAATACGAAGTGGAAAAAGCTCAATAATGAGATCAGACGCACCCATTGGCGAATGTAAGTCAGAATGCATCACTCCAAATGGAAGCATTCCCAATGACAAACCGTTCCAAAATGTAAACAGGATCACATACGGGGCCTGTCCCAGATACGTTAAGCAAAGCACCCTGAAATTGGCAACAGGAATGCGAAATGTACCTGAGAAACAAGCCAGAGGCATATTTGGTGCAATAGCGGGCTTCATAGAAAATGGATGGGAGGGAATGGTGGATGGTTGGTACGGTTTCAGGCATCAAAATTCTGAGGGAAGAGGACAAGCAGCAGATCTCAAAAGCACTCAAGCAGCAATCGATCAAATCAGTGGGAAGCTGAATCGATTGATCGGAAAAACCAATGAGAAATTCCATCAGATTGAAAAAGAATTCTCAGAAGTAGAAGGAAGAGTTCAAGACCTTGAGAAATATGTTGAGGACACTAAAATAGATCTCTGGTCATACAACGCGGAGCTTCTTGTTGCCCTGGAGAACCAACATACGATTGACCTAACTGACTCAGAAATGAACAAGCTGTTTGAAAAAACAAAGAAACAACTGAGGGAAAATGCTGAGGATATGGGAAATGGTTGTTTCAAAATATACCACAAATGTGACAATGCCTGCATAGGATCAATAAGAAATGAAACTTATGACCACAATGTGTACAGGGATGAAGCATTAAACAACCGGTTCCAAatcaagggagttgagctgaagtcaggatacaaagattggatcctatggatttcctttgccATGtcTtgCttCCtActGtgCgtAgcACtACtAggCttTatTatgtgggcGtgTcaGaaAggCtcCCtAcaAtgTCgGatTtgTatTTAATAGCCACTTCACTGAAATC
flu-seqneut-2026_H3N2_60_bc2,CAAAAAATACCTGGAAATGACAATAGCACGGCAACGCTGTGCCTTGGGCACCATGCAGTACCAAACGGAACGATAGTGAAAACAATCACAAATGACCGAATTGAAGTTACTAATGCTACTGAGTTGGTTCAGAATTCATCAATAGGTAAAATATGCAACAGTCCTCATCAGATCCTTGATGGAGGGAACTGCACACTAATAGATGCTCTATTGGGGGACCCTCAGTGTGACGGCGTTCAGAATAAGGAATGGGACCTTTTTGTTGAACGAAGCAGAGCCAACAGCAGCTGTTACCCTTATGATGTGCCGGATTATGCCTCCCTTAGGTCACTAGTTGCCTCATCCGGAACACTGGAGTTTAAAGATGAAAGCTTCAATTGGACCGGAGTCAAACAAAACGGGAAAAGTTCTGCGTGCAAAAGGGGATCTAATAGTAGTTTTTTTAGTAGATTAAATTGGTTGACCAGCTTAGACAACAAATATCCAGCACAGAACGTGACTATGCCAAACAAGGAACAATTTGACAAATTGTACATTTGGGGGGTTCATCATCCGGACACGGACAGGAACCAATTCTCCCTGTTTGCTCAAACATCAGGAAGAATCACAGTATCTACCAAAAGAAGCCAACAAGCTGTAATCCCAAATATCGGATCTAGACCCAGAGTAAGGGATATCCCTAGCAGAATAAGCATCTATTGGACAATAGTAAAACCGGGAGACATACTTTTGATTAACAGCACAGGGAATCTAATTGCTCCTAGGGGTTACTTCAAAATACGAAGTGGAAAAAGCTCAATAATGAGATCAGACGCACCCATTGGCGAATGTAAGTCAGAATGCATCACTCCAAATGGAAGCATTCCCAATGACAAACCGTTCCAAAATGTAAACAGGATCACATACGGGGCCTGTCCCAGATACGTTAAGCAAAGCACCCTGAAATTGGCAACAGGAATGCGAAATGTACCTGAGAAACAAGCCAGAGGCATATTTGGTGCAATAGCGGGCTTCATAGAAAATGGATGGGAGGGAATGGTGGATGGTTGGTACGGTTTCAGGCATCAAAATTCTGAGGGAAGAGGACAAGCAGCAGATCTCAAAAGCACTCAAGCAGCAATCGATCAAATCAGTGGGAAGCTGAATCGATTGATCGGAAAAACCAATGAGAAATTCCATCAGATTGAAAAAGAATTCTCAGAAGTAGAAGGAAGAGTTCAAGACCTTGAGAAATATGTTGAGGACACTAAAATAGATCTCTGGTCATACAACGCGGAGCTTCTTGTTGCCCTGGAGAACCAACATACGATTGACCTAACTGACTCAGAAATGAACAAGCTGTTTGAAAAAACAAAGAAACAACTGAGGGAAAATGCTGAGGATATGGGAAATGGTTGTTTCAAAATATACCACAAATGTGACAATGCCTGCATAGGATCAATAAGAAATGAAACTTATGACCACAATGTGTACAGGGATGAAGCATTAAACAACCGGTTCCAAatcaagggagttgagctgaagtcaggatacaaagattggatcctatggatttcctttgccATGtcTtgCttCCtActGtgCgtAgcACtACtAggCttTatTatgtgggcGtgTcaGaaAggCtcCCtAcaAtgTCgGatTtgTatTTAATAGAGAACGTGCCTTTGCG
flu-seqneut-2026_H3N2_61_bc1,CAAAAAATACCTGGAAATGACAATAGCACGGCAACGCTGTGCCTTGGGCACCATGCAGTACCAAACGGAACGATAGTGAAAACAATCACAAATGACCGAATTGAAGTTACTAATGCTACTGAGTTGGTTCAGAATTCATCAATAGGTAAAATATGCAACAGTCCTCATCAGATCCTTGATGGAGGGAACTGCACACTAATAGATGCTCTATTGGGGGACCCTCAGTGTGACGGCGTTCAGAATAAGGAATGGGACCTTTTTGTTGAACGAAGCAGAGCCAACAGCAGCTGTTACCCTTATGATGTGCCGGATTATGCCTCCCTTAGGTCACTAGTTGCCTCATCCGGAACACTGGAGTTTAAAGATGAAAGCTTCAATTGGACCGGAGTCAGACAAAACGGGAAAAGTTCTGCGTGCAAAAGGGGATCTAATAGTAGTTTTTTTAGTAGATTAAATTGGTTGACCAGCTTAGACAACAAATATCCAGCACAGAACGTGACTATGCCAAACAAGGAACAATTTGACAAATTGTACATTTGGGGGGTTCATCATCCGGACACGGACAGGAACCAATTCTCCCTGTTTGCTCAATCATCAGGAAGAATCACAGTATCTACCAAAAGAAGCCAACAAGCTGTAATCCCAAATATCGGATCTAGACCCAGAGTAAGGGATATCCCTAGCAGAATAAGCATCTATTGGACAATAGTAAAACCGGGAGACATACTTTTGATTAACAGCACAGGGAATCTAATTGCTCCTAGGGGTTACTTCAAAATACGAAGTGGAAAAAGCTCAATAATGAGATCAGACGCACCCATTGGCGAATGTAAGTCAGAATGCATCACTCCAAATGGAAGCATTCCCAATGACAAACCGTTCCAAAATGTAAACAGGATCACATACGGGGCCTGTCCCAGATACGTTAAGCAAAGCACCCTGAAATTGGCAACAGGAATGCGAAATGTACCTGAGAAACAAGCCAGAGGCATATTTGGTGCAATAGCGGGCTTCATAGAAAATGGATGGGAGGGAATGGTGGATGGTTGGTACGGTTTCAGGCATCAAAATTCTGAGGGAAGAGGACAAGCAGCAGATCTCAAAAGCACTCAAGCAGCAATCGATCAAATCAGTGGGAAGCTGAATCGATTGATCGGAAAAACCAATGAGAAATTCCATCAGATTGAAAAAGAATTCTCAGAAGTAGAAGGAAGAGTTCAAGACCTTGAGAAATATGTTGAGGACACTAAAATAGATCTCTGGTCATACAACGCGGAGCTTCTTGTTGCCCTGGAGAACCAACATACGATTGACCTAACTGACTCAGAAATGAACAAGCTGTTTGAAAAAACAAAGAAACAACTGAGGGAAAATGCTGAGGATATGGGAAATGGTTGTTTCAAAATATACCACAAATGTGACAATGCCTGCATAGGATCAATAAGAAATGAAACTTATGACCACAATGTGTACAGGGATGAAGCATTAAACAACCGGTTCCAAatcaagggagttgagctgaagtcaggatacaaagattggatcctatggatttcctttgccATGtcTtgCttCCtActGtgCgtAgcACtACtAggCttTatTatgtgggcGtgTcaGaaAggCtcCCtAcaAtgTCgGatTtgTatTTAATAGGTCATCCAAGATAGGT
flu-seqneut-2026_H3N2_61_bc2,CAAAAAATACCTGGAAATGACAATAGCACGGCAACGCTGTGCCTTGGGCACCATGCAGTACCAAACGGAACGATAGTGAAAACAATCACAAATGACCGAATTGAAGTTACTAATGCTACTGAGTTGGTTCAGAATTCATCAATAGGTAAAATATGCAACAGTCCTCATCAGATCCTTGATGGAGGGAACTGCACACTAATAGATGCTCTATTGGGGGACCCTCAGTGTGACGGCGTTCAGAATAAGGAATGGGACCTTTTTGTTGAACGAAGCAGAGCCAACAGCAGCTGTTACCCTTATGATGTGCCGGATTATGCCTCCCTTAGGTCACTAGTTGCCTCATCCGGAACACTGGAGTTTAAAGATGAAAGCTTCAATTGGACCGGAGTCAGACAAAACGGGAAAAGTTCTGCGTGCAAAAGGGGATCTAATAGTAGTTTTTTTAGTAGATTAAATTGGTTGACCAGCTTAGACAACAAATATCCAGCACAGAACGTGACTATGCCAAACAAGGAACAATTTGACAAATTGTACATTTGGGGGGTTCATCATCCGGACACGGACAGGAACCAATTCTCCCTGTTTGCTCAATCATCAGGAAGAATCACAGTATCTACCAAAAGAAGCCAACAAGCTGTAATCCCAAATATCGGATCTAGACCCAGAGTAAGGGATATCCCTAGCAGAATAAGCATCTATTGGACAATAGTAAAACCGGGAGACATACTTTTGATTAACAGCACAGGGAATCTAATTGCTCCTAGGGGTTACTTCAAAATACGAAGTGGAAAAAGCTCAATAATGAGATCAGACGCACCCATTGGCGAATGTAAGTCAGAATGCATCACTCCAAATGGAAGCATTCCCAATGACAAACCGTTCCAAAATGTAAACAGGATCACATACGGGGCCTGTCCCAGATACGTTAAGCAAAGCACCCTGAAATTGGCAACAGGAATGCGAAATGTACCTGAGAAACAAGCCAGAGGCATATTTGGTGCAATAGCGGGCTTCATAGAAAATGGATGGGAGGGAATGGTGGATGGTTGGTACGGTTTCAGGCATCAAAATTCTGAGGGAAGAGGACAAGCAGCAGATCTCAAAAGCACTCAAGCAGCAATCGATCAAATCAGTGGGAAGCTGAATCGATTGATCGGAAAAACCAATGAGAAATTCCATCAGATTGAAAAAGAATTCTCAGAAGTAGAAGGAAGAGTTCAAGACCTTGAGAAATATGTTGAGGACACTAAAATAGATCTCTGGTCATACAACGCGGAGCTTCTTGTTGCCCTGGAGAACCAACATACGATTGACCTAACTGACTCAGAAATGAACAAGCTGTTTGAAAAAACAAAGAAACAACTGAGGGAAAATGCTGAGGATATGGGAAATGGTTGTTTCAAAATATACCACAAATGTGACAATGCCTGCATAGGATCAATAAGAAATGAAACTTATGACCACAATGTGTACAGGGATGAAGCATTAAACAACCGGTTCCAAatcaagggagttgagctgaagtcaggatacaaagattggatcctatggatttcctttgccATGtcTtgCttCCtActGtgCgtAgcACtACtAggCttTatTatgtgggcGtgTcaGaaAggCtcCCtAcaAtgTCgGatTtgTatTTAATAGATGCAGTGCTTCAACT
flu-seqneut-2026_H3N2_62_bc1,CAAAACATACCTGGAAATGACAATAGCACGGCAACGCTGTGCCTTGGGCACCATGCAGTACCAAACGGAACGATAGTGAAAACAATCACAAATGACCGAATTGAAGTTACTAATGCTACTGAGTTGGTTCAGAATTCATCAATAGGTAAAATATGCAACAGTCCTCATCAGATCCTTGATGGAGGGAACTGCACACTAATAGATGCTCTATTGGGGGACCCTCAGTGTGACGGCTTTCAGAATAAGGAATGGGACCTTTTTGTTGAACGAAGCAGAGCCAACAGCAGCTGTTACCCTTATGATGTGCCGGATTATGCCTCCCTTAGGTCACTAGTTGCCTCATCCGGAACACTGGAGTTTAAAGATGAAAGCTTCAATTGGACCGGAGTCAAACAAAACGGGAAAAGTTCTGCGTGCAAAAGGGGATCTAATAGTAGTTTTTTTAGTAGATTAAATTGGTTGACCAGCTTAGACAACAAATATCCAGCACAGAACGTGACTATGCCAAACAAGGAACGATTTGACAAATTGTACATTTGGGGGGTTCATCATCCGGACACGGACAGGAACCAATTCTCCCTGTTTGCTCAATCATCAGGAAGAATCACAGTATCTACCAAAAGAAGCCAACAAGCTGTAATCCCAAATATCGGATCTAGACCCAGAGTGAGGGATATCCCTAGCAGAATAAGCATCTATTGGACAATAGTAAAACCGGGAGACATACTTTTGATTAACAGCACAGGGAATCTAATTGCTCCTAGGGGTTACTTCAAAATACGGAGTGGAAAAAGCTCAATAATGAGATCAGACGCACCCATTGGCGAATGTAAGTCAGAATGCATCACTCCAAATGGAAGCGTTCCCAATGACAAACCGTTCCAAAATGTAAACAGGATCACATACGGTGCCTGTCCCAGATACGTTAAGCAAAGCACCCTGAAATTGGCAACAGGAATGCGAAATGTACCTGAGAAACAAGCCAGAGGCATATTTGGTGCAATAGCGGGCTTCATAGAAAATGGATGGGAGGGAATGGTGGATGGTTGGTACGGTTTCAGGCATCAAAATTCTGAGGGAAGAGGACAAGCAGCAGATCTCAAAAGCACTCAAGCAGCAATCGATCAAATCAATGGGAAGCTGAATCGATTGATCGGAAAAACCAATGAGAAATTCCATCAGATTGAAAAAGAATTCTCAGAAGTAGAAGGAAGAGTTCAAGACCTTGAGAAATATGTTGAGGACACTAAAATAGATCTCTGGTCATACAACGCGGAGCTTCTTGTTGCCCTGGAGAACCAACATACGATTGACCTAACTGACTCAGAAATGAACAAGCTGTTTGAAAAAACAAAGAAACAACTGAGGGAAAATGCTGAGGATATGGGAAATGGTTGTTTCAAAATATACCACAAATGTGACAATGCCTGCATAGGATCAATAAGAAATGAAACTTATGACCACAATGTGTACAGGGATGAAGCATTAAACAACCGGTTCCAAatcaagggagttgagctgaagtcaggatacaaagattggatcctatggatttcctttgccATGtcTtgCttCCtActGtgCgtAgcACtACtAggCttTatTatgtgggcGtgTcaGaaAggCtcCCtAcaAtgTCgGatTtgTatTTAATAGTTGGAGAATCCGTCTA
flu-seqneut-2026_H3N2_62_bc2,CAAAACATACCTGGAAATGACAATAGCACGGCAACGCTGTGCCTTGGGCACCATGCAGTACCAAACGGAACGATAGTGAAAACAATCACAAATGACCGAATTGAAGTTACTAATGCTACTGAGTTGGTTCAGAATTCATCAATAGGTAAAATATGCAACAGTCCTCATCAGATCCTTGATGGAGGGAACTGCACACTAATAGATGCTCTATTGGGGGACCCTCAGTGTGACGGCTTTCAGAATAAGGAATGGGACCTTTTTGTTGAACGAAGCAGAGCCAACAGCAGCTGTTACCCTTATGATGTGCCGGATTATGCCTCCCTTAGGTCACTAGTTGCCTCATCCGGAACACTGGAGTTTAAAGATGAAAGCTTCAATTGGACCGGAGTCAAACAAAACGGGAAAAGTTCTGCGTGCAAAAGGGGATCTAATAGTAGTTTTTTTAGTAGATTAAATTGGTTGACCAGCTTAGACAACAAATATCCAGCACAGAACGTGACTATGCCAAACAAGGAACGATTTGACAAATTGTACATTTGGGGGGTTCATCATCCGGACACGGACAGGAACCAATTCTCCCTGTTTGCTCAATCATCAGGAAGAATCACAGTATCTACCAAAAGAAGCCAACAAGCTGTAATCCCAAATATCGGATCTAGACCCAGAGTGAGGGATATCCCTAGCAGAATAAGCATCTATTGGACAATAGTAAAACCGGGAGACATACTTTTGATTAACAGCACAGGGAATCTAATTGCTCCTAGGGGTTACTTCAAAATACGGAGTGGAAAAAGCTCAATAATGAGATCAGACGCACCCATTGGCGAATGTAAGTCAGAATGCATCACTCCAAATGGAAGCGTTCCCAATGACAAACCGTTCCAAAATGTAAACAGGATCACATACGGTGCCTGTCCCAGATACGTTAAGCAAAGCACCCTGAAATTGGCAACAGGAATGCGAAATGTACCTGAGAAACAAGCCAGAGGCATATTTGGTGCAATAGCGGGCTTCATAGAAAATGGATGGGAGGGAATGGTGGATGGTTGGTACGGTTTCAGGCATCAAAATTCTGAGGGAAGAGGACAAGCAGCAGATCTCAAAAGCACTCAAGCAGCAATCGATCAAATCAATGGGAAGCTGAATCGATTGATCGGAAAAACCAATGAGAAATTCCATCAGATTGAAAAAGAATTCTCAGAAGTAGAAGGAAGAGTTCAAGACCTTGAGAAATATGTTGAGGACACTAAAATAGATCTCTGGTCATACAACGCGGAGCTTCTTGTTGCCCTGGAGAACCAACATACGATTGACCTAACTGACTCAGAAATGAACAAGCTGTTTGAAAAAACAAAGAAACAACTGAGGGAAAATGCTGAGGATATGGGAAATGGTTGTTTCAAAATATACCACAAATGTGACAATGCCTGCATAGGATCAATAAGAAATGAAACTTATGACCACAATGTGTACAGGGATGAAGCATTAAACAACCGGTTCCAAatcaagggagttgagctgaagtcaggatacaaagattggatcctatggatttcctttgccATGtcTtgCttCCtActGtgCgtAgcACtACtAggCttTatTatgtgggcGtgTcaGaaAggCtcCCtAcaAtgTCgGatTtgTatTTAATAGGAATCTCCCTATTCAT
flu-seqneut-2026_H3N2_63_bc1,CAAAACATACCTGGAAATGACAATAGCACGGCAACGCTGTGCCTTGGGCACCATGCAGTACCAAACGGAACGATAGTGAAAACAATCACAAATGACCGAATTGAAGTTACTAATGCTACTGAGTTGGTTCAGAATTCATCAATAGGTAAAATATGCAACAGTCCTCATCAGATCCTTGATGGAGGGAACTGCACACTAATAGATGCTCTATTGGGGGACCCTCAGTGTGACGGCTTTCAGAATAAGGAATGGGACCTTTTTGTTGAACGAAGCAGAGCCAACAGCAGCTGTTACCCTTATGATGTGCCGGATTATGCCTCCCTTAGGTCACTAGTTGCCTCATCCGGAACACTGGAGTTTAAAGATGAAAGCTTCAATTGGACCGGAGTCAAACAAAACGGGAAAAGTTCTGCGTGCAAAAGGGGATCTAATAGTAGTTTTTTTAGTAGATTAAATTGGTTGACCAGCTTAGACAACAAATATCCAGCACAGAACGTAACTATGCCAAACAAGGAACGATTTGACAAATTGTACATTTGGGGGGTTCATCATCCGGACACGGACAGGAACCAATTCTCCCTGTTTGCTCAATCATCAGGAAGAATCACAGTATCTACCAAAAGAAGCCAACAAGCTGTAATCCCAAATATCGGATCTAGACCCAAAGTAAGGGATATCCCTAGCAGAATAAGCATCTATTGGACAATAGTAAAACCGGGAGACATACTTTTGATTAACAGCACAGGGAATCTAATTGCTCCTAGGGGTTACTTCAAAATACGAAGTGGAAAAAGCTCAATAATGAGATCAGACGCACCCATTGGCGAATGTAAGTCAGAATGCATCACTCCAAATGGAAGCATTCCCAATGACAAACCGTTCCAAAATGTAAACAGGATCACATACGGGGCCTGTCCCAGATACGTTAAGCAAAGCACCCTGAAATTGGCAACAGGAATGCGAAATGTACCTGAGAAACAAGCCAGAGGCATATTTGGTGCAATAGCGGGCTTCATAGAAAATGGATGGGAGGGAATGGTGGATGGTTGGTACGGTTTCAGGCATCAAAATTCTGAGGGAAGAGGACAAGCAGCAGATCTCAAAAGCACTCAAGCAGCAATCGATCAAATCAATGGGAAGCTGAATCGATTGATCGGAAAAACCAATGAGAAATTCCATCAGATTGAAAAAGAATTCTCAGAAGTAGAAGGAAGAGTTCAAGACCTTGAGAAATATGTTGAGGACACTAAAATAGATCTCTGGTCATACAACGCGGAGCTTCTTGTTGCCCTGGAGAACCAACATACGATTGACCTAACTGACTCAGAAATGAACAAGCTGTTTGAAAAAACAAAGAAACAACTGAGGGAAAATGCTGAGGATATGGGAAATGGTTGTTTCAAAATATACCACAAATGTGACAATGCCTGCATAGGATCAATAAGAAATGAAACTTATGACCACAATGTGTACAGGGATGAAGCATTAAACAACCGGTTCCAAatcaagggagttgagctgaagtcaggatacaaagattggatcctatggatttcctttgccATGtcTtgCttCCtActGtgCgtAgcACtACtAggCttTatTatgtgggcGtgTcaGaaAggCtcCCtAcaAtgTCgGatTtgTatTTAATAGCGGTCTAGTCTGGTGT
flu-seqneut-2026_H3N2_63_bc2,CAAAACATACCTGGAAATGACAATAGCACGGCAACGCTGTGCCTTGGGCACCATGCAGTACCAAACGGAACGATAGTGAAAACAATCACAAATGACCGAATTGAAGTTACTAATGCTACTGAGTTGGTTCAGAATTCATCAATAGGTAAAATATGCAACAGTCCTCATCAGATCCTTGATGGAGGGAACTGCACACTAATAGATGCTCTATTGGGGGACCCTCAGTGTGACGGCTTTCAGAATAAGGAATGGGACCTTTTTGTTGAACGAAGCAGAGCCAACAGCAGCTGTTACCCTTATGATGTGCCGGATTATGCCTCCCTTAGGTCACTAGTTGCCTCATCCGGAACACTGGAGTTTAAAGATGAAAGCTTCAATTGGACCGGAGTCAAACAAAACGGGAAAAGTTCTGCGTGCAAAAGGGGATCTAATAGTAGTTTTTTTAGTAGATTAAATTGGTTGACCAGCTTAGACAACAAATATCCAGCACAGAACGTAACTATGCCAAACAAGGAACGATTTGACAAATTGTACATTTGGGGGGTTCATCATCCGGACACGGACAGGAACCAATTCTCCCTGTTTGCTCAATCATCAGGAAGAATCACAGTATCTACCAAAAGAAGCCAACAAGCTGTAATCCCAAATATCGGATCTAGACCCAAAGTAAGGGATATCCCTAGCAGAATAAGCATCTATTGGACAATAGTAAAACCGGGAGACATACTTTTGATTAACAGCACAGGGAATCTAATTGCTCCTAGGGGTTACTTCAAAATACGAAGTGGAAAAAGCTCAATAATGAGATCAGACGCACCCATTGGCGAATGTAAGTCAGAATGCATCACTCCAAATGGAAGCATTCCCAATGACAAACCGTTCCAAAATGTAAACAGGATCACATACGGGGCCTGTCCCAGATACGTTAAGCAAAGCACCCTGAAATTGGCAACAGGAATGCGAAATGTACCTGAGAAACAAGCCAGAGGCATATTTGGTGCAATAGCGGGCTTCATAGAAAATGGATGGGAGGGAATGGTGGATGGTTGGTACGGTTTCAGGCATCAAAATTCTGAGGGAAGAGGACAAGCAGCAGATCTCAAAAGCACTCAAGCAGCAATCGATCAAATCAATGGGAAGCTGAATCGATTGATCGGAAAAACCAATGAGAAATTCCATCAGATTGAAAAAGAATTCTCAGAAGTAGAAGGAAGAGTTCAAGACCTTGAGAAATATGTTGAGGACACTAAAATAGATCTCTGGTCATACAACGCGGAGCTTCTTGTTGCCCTGGAGAACCAACATACGATTGACCTAACTGACTCAGAAATGAACAAGCTGTTTGAAAAAACAAAGAAACAACTGAGGGAAAATGCTGAGGATATGGGAAATGGTTGTTTCAAAATATACCACAAATGTGACAATGCCTGCATAGGATCAATAAGAAATGAAACTTATGACCACAATGTGTACAGGGATGAAGCATTAAACAACCGGTTCCAAatcaagggagttgagctgaagtcaggatacaaagattggatcctatggatttcctttgccATGtcTtgCttCCtActGtgCgtAgcACtACtAggCttTatTatgtgggcGtgTcaGaaAggCtcCCtAcaAtgTCgGatTtgTatTTAATAGCCCGATACGTACAAAA
flu-seqneut-2026_H3N2_64_bc1,CAAAACATACCTGGAAATGACAATAGCACGGCAACGCTGTGCCTTGGGCACCATGCAGTACCAAACGGAACGATAGTGAAAACAATCACAAATGACCAAATTGAAGTTACTAATGCTACTGAGTTGGTTCAGAATTCATCAATAGGTAAAATATGCAACAGTCCTCATCAGATCCTTGATGGAGGGAACTGCACACTAATAGATGCTCTATTGGGGGACCCTCAGTGTGACGGCTTTCAGAATAAGGAATGGGACCTTTTTGTTGAACGAAGCAGAGCCAACAGCAGCTGTTACCCTTATGATGTGCCGGATTATGCCTCCCTTAGGTCACTAGTTGCCTCATCCGGAACACTGGAGTTTAAAGATGAAAGCTTCAATTGGACCGGAGTCAAACAAAACGGGAAAAGTTCTGCGTGCAAAAGGGGATCTAATAGTAGTTTTTTTAGTAGATTAAATTGGTTGACCAGCTTAGACAACAAATATCCAGCACAGAACGTAACTATGCCAAACAAGGAACGATTTGACAAATTGTACATTTGGGGGGTTCATCATCCGGACACGGACAGGAACCAATTCTCCCTGTTTGCTCAATCATCAGGAAGAATCACAGTATCTACCAAAAGAAGCCAACAAGCTGTAATCCCAAATATCGGATCTAGACCCAGAGTAAGGGATATCCCTAGCAGAATAAGCATCTATTGGACAATAGTAAAACCGGGAGACATACTTTTGATTAACAGCACAGGGAATCTAATTGCTCCTAGGGGTTACTTCAAAATACGAAGTGGAAAAAGCTCAATAATGAGATCAGACGCACCCATTGGCGAATGTAAGTCAGAATGCATCACTCCAAATGGAAGCATTCCCAATGACAAACCGTTCCAAAATGTAAACAGGATCACATACGGGGCCTGTCCCAGATACGTTAAGCAAAGCACCCTGAAATTGGCAACAGGAATGCGAAATGTACCTGAGAAACAAGCCAGAGGCATATTTGGTGCAATAGCGGGCTTCATAGAAAATGGATGGGAGGGAATGGTGGATGGTTGGTACGGTTTCAGGCATCAAAATTCTGAGGGAAGAGGACAAGCAGCAGATCTCAAAAGCACTCAAGCAGCAATCGATCAAATCAATGGGAAGCTGAATCGATTGATCGGGAAAACCAATGAGAAATTCCATCAGATTGAAAAAGAATTCTCAGAAGTAGAAGGAAGAGTTCAAGACCTTGAGAAATATGTTGAGGACACTAAAATAGATCTCTGGTCATACAACGCGGAGCTTCTTGTTGCCCTGGAGAACCAACATACGATTGACCTAACTGACTCAGAAATGAACAAGCTGTTTGAAAAAACAAAGAAACAACTGAGGGAAAATGCTGAGGATATGGGAAATGGTTGTTTCAAAATATACCACAAATGTGACAATGCCTGCATAGGATCAATAAGAAATGAAACTTATGACCACAATGTGTACAGGGATGAAGCATTAAACAACCGGTTCCAAatcaagggagttgagctgaagtcaggatacaaagattggatcctatggatttcctttgccATGtcTtgCttCCtActGtgCgtAgcACtACtAggCttTatTatgtgggcGtgTcaGaaAggCtcCCtAcaAtgTCgGatTtgTatTTAATAGATGTACACCCGCTCTA
flu-seqneut-2026_H3N2_64_bc2,CAAAACATACCTGGAAATGACAATAGCACGGCAACGCTGTGCCTTGGGCACCATGCAGTACCAAACGGAACGATAGTGAAAACAATCACAAATGACCAAATTGAAGTTACTAATGCTACTGAGTTGGTTCAGAATTCATCAATAGGTAAAATATGCAACAGTCCTCATCAGATCCTTGATGGAGGGAACTGCACACTAATAGATGCTCTATTGGGGGACCCTCAGTGTGACGGCTTTCAGAATAAGGAATGGGACCTTTTTGTTGAACGAAGCAGAGCCAACAGCAGCTGTTACCCTTATGATGTGCCGGATTATGCCTCCCTTAGGTCACTAGTTGCCTCATCCGGAACACTGGAGTTTAAAGATGAAAGCTTCAATTGGACCGGAGTCAAACAAAACGGGAAAAGTTCTGCGTGCAAAAGGGGATCTAATAGTAGTTTTTTTAGTAGATTAAATTGGTTGACCAGCTTAGACAACAAATATCCAGCACAGAACGTAACTATGCCAAACAAGGAACGATTTGACAAATTGTACATTTGGGGGGTTCATCATCCGGACACGGACAGGAACCAATTCTCCCTGTTTGCTCAATCATCAGGAAGAATCACAGTATCTACCAAAAGAAGCCAACAAGCTGTAATCCCAAATATCGGATCTAGACCCAGAGTAAGGGATATCCCTAGCAGAATAAGCATCTATTGGACAATAGTAAAACCGGGAGACATACTTTTGATTAACAGCACAGGGAATCTAATTGCTCCTAGGGGTTACTTCAAAATACGAAGTGGAAAAAGCTCAATAATGAGATCAGACGCACCCATTGGCGAATGTAAGTCAGAATGCATCACTCCAAATGGAAGCATTCCCAATGACAAACCGTTCCAAAATGTAAACAGGATCACATACGGGGCCTGTCCCAGATACGTTAAGCAAAGCACCCTGAAATTGGCAACAGGAATGCGAAATGTACCTGAGAAACAAGCCAGAGGCATATTTGGTGCAATAGCGGGCTTCATAGAAAATGGATGGGAGGGAATGGTGGATGGTTGGTACGGTTTCAGGCATCAAAATTCTGAGGGAAGAGGACAAGCAGCAGATCTCAAAAGCACTCAAGCAGCAATCGATCAAATCAATGGGAAGCTGAATCGATTGATCGGGAAAACCAATGAGAAATTCCATCAGATTGAAAAAGAATTCTCAGAAGTAGAAGGAAGAGTTCAAGACCTTGAGAAATATGTTGAGGACACTAAAATAGATCTCTGGTCATACAACGCGGAGCTTCTTGTTGCCCTGGAGAACCAACATACGATTGACCTAACTGACTCAGAAATGAACAAGCTGTTTGAAAAAACAAAGAAACAACTGAGGGAAAATGCTGAGGATATGGGAAATGGTTGTTTCAAAATATACCACAAATGTGACAATGCCTGCATAGGATCAATAAGAAATGAAACTTATGACCACAATGTGTACAGGGATGAAGCATTAAACAACCGGTTCCAAatcaagggagttgagctgaagtcaggatacaaagattggatcctatggatttcctttgccATGtcTtgCttCCtActGtgCgtAgcACtACtAggCttTatTatgtgggcGtgTcaGaaAggCtcCCtAcaAtgTCgGatTtgTatTTAATAGACTTCACAGGTTGATA
flu-seqneut-2026_H3N2_65_bc1,CAAAACATACCTGGAAATGACAATAGCACGGCAACGCTGTGCCTTGGGCACCATGCAGTACCAAACGGAACGATAGTGAAAACAATCACAAATGACCGAATTGAAGTTACTAATGCTACTGAGTTGGTTCAGAATTCATCAATAGGTAAAATATGCAACAGTCCTCATCAGATCCTTGATGGAGGGAGCTGCACACTAATAGATGCTCTATTGGGGGACCCTCAGTGTGACGGCTTTCAGAATAAGGAATGGGACCTTTTTGTTGAACGAAGCAGAGCCAACAGCAGCTGTTACCCTTATGATGTGCCGGATTATGCCTCCCTTAGGTCACTAGTTGCCTCATCCGGAACACTGGAGTTTAAAGATGAAAGCTTCAATTGGACCGGAGTCAAACAAAACGGGAAAAGTTCTGCGTGCAAAAGGGGATCTAATAGTAGTTTTTTTAGTAGATTAAATTGGTTGACCAGCTTAGACAACAAATATCCAGCACAGAACGTGACTATGCCAAACAAGGAACGATTTGACAAATTGTACATTTGGGGGGTTCATCATCCGGACACGGACAGGAACCAATTCTCCCTGTTTGCTCAATCATCAGGAAGAATCACAGTATCTACCAAAAGAAGCCAACAAGCTGTAATCCCAAATATCGGATCTAGACCCAGAGTAAGGGATATCCCTAGCAGAATAAGCATCTATTGGACAATAGTAAAACCGGGAGACATACTTTTGATTAACAGCACAGGGAATCTAATTGCTCCTAGGGGTTACTTCAAAATACGAAGTGGAAAAAGCTCAATAATGAGATCAGACGCACCCATTGGCGAATGTAAGTCAGAATGCATCACTCCAAATGGAAGCATTCCCAATGACAAACCGTTCCAAAATGTAAACAGGATCACATACGGGGCCTGTCCCAGATACGTTAAGCAAAGCACCCTGAAATTGGCAACAGGAATGCGAAATGTACCTGAGAAACAAGCCAGAGGCATATTTGGTGCAATAGCGGGCTTCATAGAAAATGGATGGGAGGGAATGGTGGATGGTTGGTACGGTTTCAGGCATCAAAATTCTGAGGGAAGAGGACAAGCAGCAGATCTCAAAAGCACTCAAGCAGCAATCGATCAAATCAATGGGAAGCTGAATCGATTGATCGGAAAAACCAATGAGAAATTCCATCAGATTGAAAAAGAATTCTCAGAAGTAGAAGGAAGAGTTCAAGACCTTGAGAAATATGTTGAGGACACTAAAATAGATCTCTGGTCATACAACGCGGAGCTTCTTGTTGCCCTGGAGAACCAACATACGATTGACCTAACTGACTCAGAAATGAACAAGCTGTTTGAAAAAACAAAGAAACAACTGAGGGAAAATGCTGAGGATATGGGAAATGGTTGTTTCAAAATATACCACAAATGTGACAATGCCTGCATAGGATCAATAAGAAATGAAACTTATGACCACAATGTGTACAGGGATGAAGCATTAAACAACCGGTTTCAAatcaagggagttgagctgaagtcaggatacaaagattggatcctatggatttcctttgccATGtcTtgCttCCtActGtgCgtAgcACtACtAggCttTatTatgtgggcGtgTcaGaaAggCtcCCtAcaAtgTCgGatTtgTatTTAATAGAGAGATGGTCCGTGCC
flu-seqneut-2026_H3N2_65_bc2,CAAAACATACCTGGAAATGACAATAGCACGGCAACGCTGTGCCTTGGGCACCATGCAGTACCAAACGGAACGATAGTGAAAACAATCACAAATGACCGAATTGAAGTTACTAATGCTACTGAGTTGGTTCAGAATTCATCAATAGGTAAAATATGCAACAGTCCTCATCAGATCCTTGATGGAGGGAGCTGCACACTAATAGATGCTCTATTGGGGGACCCTCAGTGTGACGGCTTTCAGAATAAGGAATGGGACCTTTTTGTTGAACGAAGCAGAGCCAACAGCAGCTGTTACCCTTATGATGTGCCGGATTATGCCTCCCTTAGGTCACTAGTTGCCTCATCCGGAACACTGGAGTTTAAAGATGAAAGCTTCAATTGGACCGGAGTCAAACAAAACGGGAAAAGTTCTGCGTGCAAAAGGGGATCTAATAGTAGTTTTTTTAGTAGATTAAATTGGTTGACCAGCTTAGACAACAAATATCCAGCACAGAACGTGACTATGCCAAACAAGGAACGATTTGACAAATTGTACATTTGGGGGGTTCATCATCCGGACACGGACAGGAACCAATTCTCCCTGTTTGCTCAATCATCAGGAAGAATCACAGTATCTACCAAAAGAAGCCAACAAGCTGTAATCCCAAATATCGGATCTAGACCCAGAGTAAGGGATATCCCTAGCAGAATAAGCATCTATTGGACAATAGTAAAACCGGGAGACATACTTTTGATTAACAGCACAGGGAATCTAATTGCTCCTAGGGGTTACTTCAAAATACGAAGTGGAAAAAGCTCAATAATGAGATCAGACGCACCCATTGGCGAATGTAAGTCAGAATGCATCACTCCAAATGGAAGCATTCCCAATGACAAACCGTTCCAAAATGTAAACAGGATCACATACGGGGCCTGTCCCAGATACGTTAAGCAAAGCACCCTGAAATTGGCAACAGGAATGCGAAATGTACCTGAGAAACAAGCCAGAGGCATATTTGGTGCAATAGCGGGCTTCATAGAAAATGGATGGGAGGGAATGGTGGATGGTTGGTACGGTTTCAGGCATCAAAATTCTGAGGGAAGAGGACAAGCAGCAGATCTCAAAAGCACTCAAGCAGCAATCGATCAAATCAATGGGAAGCTGAATCGATTGATCGGAAAAACCAATGAGAAATTCCATCAGATTGAAAAAGAATTCTCAGAAGTAGAAGGAAGAGTTCAAGACCTTGAGAAATATGTTGAGGACACTAAAATAGATCTCTGGTCATACAACGCGGAGCTTCTTGTTGCCCTGGAGAACCAACATACGATTGACCTAACTGACTCAGAAATGAACAAGCTGTTTGAAAAAACAAAGAAACAACTGAGGGAAAATGCTGAGGATATGGGAAATGGTTGTTTCAAAATATACCACAAATGTGACAATGCCTGCATAGGATCAATAAGAAATGAAACTTATGACCACAATGTGTACAGGGATGAAGCATTAAACAACCGGTTTCAAatcaagggagttgagctgaagtcaggatacaaagattggatcctatggatttcctttgccATGtcTtgCttCCtActGtgCgtAgcACtACtAggCttTatTatgtgggcGtgTcaGaaAggCtcCCtAcaAtgTCgGatTtgTatTTAATAGAGGCCGCCGGTCATGA
flu-seqneut-2026_H3N2_66_bc1,CAAAAAATACCTGGAAATGACAATAGCACGGCAACGCTGTGCCTTGGGCACCATGCAGTACCAAACGGAACGATAGTGAAAACAATCACAAATGACCGAATTGAAGTTACTAATGCTACTGAGTTGGTTCAGAATTCATCAATAGGTAAAATATGCAACAACCCTCATCAGATCCTTGATGGAGGGAACTGCACACTAATAGATGCTCTATTGGGGGACCCTCAGTGTGACGGCTTTCAGAATAAGGAATGGGACCTTTTTGTTGAACGAAGCAGAGCCAACAGCAGCTGTTACCCTTATGATGTGCCGGATTATGCCTCCCTTAGGTCACTAGTTGCCTCATCCGGAACACTGGAGTTTAAAGATGAAAGCTTCAATTGGACTGGAGTCAAACAAGACGGAACAAGTTCTGCGTGCAAAAGGGGATCTAGTAATAGTTTTTTTAGTAGATTAAATTGGTTGACCAGCTTAAAGAACATATATCCAGCACAGAACGTGACTATGCCAAACAAGGAACAATTTGACAAATTGTACATTTGGGGGGTTCATCATCCGGATACGGACAGGAACCAATTCTCCCTGTTTGCTCAATCATCAGGAAGAATCACAGTATCTACCAAAAGAAGCCAACAAGCTGTAATCCCAAATATCGGATCTAGACCCAGAGTAAGGGATATCCCTAGCAGAATAAGCATCTATTGGACAATAGTAAAACCGGGAGACATACTTTTGATTAACAGCACAGGGAATCTAATTGCTCCTAGGGGTTACTTCAAAATACGAAGTGGGAAAAGCTCAATAATGAGATCAGACGCACCCATTGGCGAATGTAAGTCTGAATGCATCACTCCAAATGGAAGCATTCCCAATGACAAACCGTTCCAAAATGTAAACAGGATCACATACGGGGCCTGTCCCAGATACGTTAAGCAAAGCACCCTGAAATTGGCAACAGGAATGCGAAATGTACCTGAGAAACAAACCAGAGGCATATTTGGTGCAATAGCGGGTTTCATAGAAAATGGATGGGAGGGAATGGTGGATGGTTGGTACGGTTTCAGGCATCAAAATTCTGAGGGAAGAGGACAAGCAGCAGATCTCAAAAGCACTCAAGCAGCAATCGATCAAATCAATGGGAAGCTGAATCGATTGATCGGAAAAACCAACGAGAAATTCCATCAGATTGAAAAAGAATTCTCAGAAGTAGAAGGAAGAGTTCAAGACCTTGAGAAATATGTTGAGGACACTAAAATAGATCTCTGGTCATACAACGCGGAGCTTCTTGTTGCCCTGGAGAACCAACATACGATTGACCTAACTGACTCAGAAATGAACAAGCTGTTTGAAAAAACAAAGAAGCAACTGAGGGAAAATGCTGAGGATATGGGAAATGGTTGTTTCAAAATATACCACAAATGTGACAATGCCTGCATAGGATCAATAAGAAATGAAACTTATGACCACAATGTGTACAGGGATGAAGCATTAAACAACCGGTTCCAGatcaagggagttgagctgaagtcaggatacaaagattggatcctatggatttcctttgccATGtcTtgCttCCtActGtgCgtAgcACtACtAggCttTatTatgtgggcGtgTcaGaaAggCtcCCtAcaAtgTCgGatTtgTatTTAATAGAGCCAGTCAAAGTCTC
flu-seqneut-2026_H3N2_66_bc2,CAAAAAATACCTGGAAATGACAATAGCACGGCAACGCTGTGCCTTGGGCACCATGCAGTACCAAACGGAACGATAGTGAAAACAATCACAAATGACCGAATTGAAGTTACTAATGCTACTGAGTTGGTTCAGAATTCATCAATAGGTAAAATATGCAACAACCCTCATCAGATCCTTGATGGAGGGAACTGCACACTAATAGATGCTCTATTGGGGGACCCTCAGTGTGACGGCTTTCAGAATAAGGAATGGGACCTTTTTGTTGAACGAAGCAGAGCCAACAGCAGCTGTTACCCTTATGATGTGCCGGATTATGCCTCCCTTAGGTCACTAGTTGCCTCATCCGGAACACTGGAGTTTAAAGATGAAAGCTTCAATTGGACTGGAGTCAAACAAGACGGAACAAGTTCTGCGTGCAAAAGGGGATCTAGTAATAGTTTTTTTAGTAGATTAAATTGGTTGACCAGCTTAAAGAACATATATCCAGCACAGAACGTGACTATGCCAAACAAGGAACAATTTGACAAATTGTACATTTGGGGGGTTCATCATCCGGATACGGACAGGAACCAATTCTCCCTGTTTGCTCAATCATCAGGAAGAATCACAGTATCTACCAAAAGAAGCCAACAAGCTGTAATCCCAAATATCGGATCTAGACCCAGAGTAAGGGATATCCCTAGCAGAATAAGCATCTATTGGACAATAGTAAAACCGGGAGACATACTTTTGATTAACAGCACAGGGAATCTAATTGCTCCTAGGGGTTACTTCAAAATACGAAGTGGGAAAAGCTCAATAATGAGATCAGACGCACCCATTGGCGAATGTAAGTCTGAATGCATCACTCCAAATGGAAGCATTCCCAATGACAAACCGTTCCAAAATGTAAACAGGATCACATACGGGGCCTGTCCCAGATACGTTAAGCAAAGCACCCTGAAATTGGCAACAGGAATGCGAAATGTACCTGAGAAACAAACCAGAGGCATATTTGGTGCAATAGCGGGTTTCATAGAAAATGGATGGGAGGGAATGGTGGATGGTTGGTACGGTTTCAGGCATCAAAATTCTGAGGGAAGAGGACAAGCAGCAGATCTCAAAAGCACTCAAGCAGCAATCGATCAAATCAATGGGAAGCTGAATCGATTGATCGGAAAAACCAACGAGAAATTCCATCAGATTGAAAAAGAATTCTCAGAAGTAGAAGGAAGAGTTCAAGACCTTGAGAAATATGTTGAGGACACTAAAATAGATCTCTGGTCATACAACGCGGAGCTTCTTGTTGCCCTGGAGAACCAACATACGATTGACCTAACTGACTCAGAAATGAACAAGCTGTTTGAAAAAACAAAGAAGCAACTGAGGGAAAATGCTGAGGATATGGGAAATGGTTGTTTCAAAATATACCACAAATGTGACAATGCCTGCATAGGATCAATAAGAAATGAAACTTATGACCACAATGTGTACAGGGATGAAGCATTAAACAACCGGTTCCAGatcaagggagttgagctgaagtcaggatacaaagattggatcctatggatttcctttgccATGtcTtgCttCCtActGtgCgtAgcACtACtAggCttTatTatgtgggcGtgTcaGaaAggCtcCCtAcaAtgTCgGatTtgTatTTAATAGGTCGCTCCAGGCGGTT
flu-seqneut-2026_H3N2_67_bc1,CAAAACATACCTGGAAATGACAATAGCACGGCAACGCTGTGCCTTGGGCACCATGCAGTACCAAACGGAACGATAGTGAAAACAATCACAAATGACCGAATTGAAGTTACTAATGCTACTGAGTTGGTTCAGAATTCATCAATAGGTAAAATATGCAACAGTCCTCATCAGATTCTTGATGGAGGGAACTGCACACTAATAGATGCTCTATTGGGGGACCCTCAGTGTGACGGCTTTCAGAATAAGGAATGGGACCTTTTTGTTGAACGAAGCAGAGCCAACAGCAGCTGTTACCCTTATGATGTGCCGGATTATGCCTCCCTTAGGTCACTAGTTGCCTCATCCGGAACACTGGAGTTTAAAGATGAAAGCTTCAATTGGACCGGAGTCAAACAAAACGGGAAAAGTTCTGCGTGCAAAAGGGGATCTAATAGTAGTTTTTTTAGTAGATTAAATTGGTTGACCAGCTTAGACAACAAATATCCAGCACAGAACGTGACTATGCCAAACAAGGAACGATTTGACAAATTGTACATTTGGGGGGTTCATCATCCGGACACGGACAGGAACCAATTCTCCCTGTTTGCTCAATCATCAGGAAGAATCACAGTATCTACCAAAAGAAGCCAACAAGCTGTAATCCCAAATATCGGATCTAGACCCAGAGTAAGGGATATCCCTAGCAGAATAAGCATCTATTGGACAATAGTAAAATCGGGAGACATACTTTTGATTAACAGCACAGGGAATCTAATTGCTCCTAGGGGTTACTTCAAAATACGAAGTGGAAAAAGCTCAATAATGAGATCAGACGTACCCATTGGCGAATGTAAGTCAGAATGCATCACTCCAAATGGAAGCATTCCCAATGACAAACCGTTCCAAAATGTAAACAGGATCACATACGGGGCCTGTCCCAGATACGTTAAGCAAAGCACCCTGAAATTGGCAACAGGAATGCGAAATGTACCTGAGAAACAAGCCAGAGGCATATTTGGTGCAATAGCGGGCTTCATAGAAAATGGATGGGAGGGAATGGTGGATGGTTGGTACGGTTTCAGGCATCAAAATTCTGAGGGAAGAGGACAAGCAGCAGATCTCAAAAGCACTCAAGCAGCAATCGATCAAATCAATGGGAAGCTGAATCGATTGATCGGAAAAACCAATGAGAAATTCCATCAGATTGAAAAAGAATTCTCAGAAGTAGAAGGAAGAGTTCAAGACCTTGAGAAATATGTTGAGGACACTAAAATAGATCTCTGGTCATACAACGCGGAGCTTCTTGTTGCCCTGGAGAACCAACATACGATTGACCTAACTGACTCAGAAATGAACAAGCTGTTTGAAAAAACAAAGAAACAACTGAGGGAAAATGCTGAGGATATGGGAAATGGTTGTTTCAAAATATACCACAAATGTGACAATGCCTGCATAGGATCAATAAGAAATGAAACTTATGACCACAATGTGTACAGGGATGAAGCATTAAACAACCGGTTCCAAatcaagggagttgagctgaagtcaggatacaaagattggatcctatggatttcctttgccATGtcTtgCttCCtActGtgCgtAgcACtACtAggCttTatTatgtgggcGtgTcaGaaAggCtcCCtAcaAtgTCgGatTtgTatTTAATAGAACGAGTGAGAATGCT
flu-seqneut-2026_H3N2_67_bc2,CAAAACATACCTGGAAATGACAATAGCACGGCAACGCTGTGCCTTGGGCACCATGCAGTACCAAACGGAACGATAGTGAAAACAATCACAAATGACCGAATTGAAGTTACTAATGCTACTGAGTTGGTTCAGAATTCATCAATAGGTAAAATATGCAACAGTCCTCATCAGATTCTTGATGGAGGGAACTGCACACTAATAGATGCTCTATTGGGGGACCCTCAGTGTGACGGCTTTCAGAATAAGGAATGGGACCTTTTTGTTGAACGAAGCAGAGCCAACAGCAGCTGTTACCCTTATGATGTGCCGGATTATGCCTCCCTTAGGTCACTAGTTGCCTCATCCGGAACACTGGAGTTTAAAGATGAAAGCTTCAATTGGACCGGAGTCAAACAAAACGGGAAAAGTTCTGCGTGCAAAAGGGGATCTAATAGTAGTTTTTTTAGTAGATTAAATTGGTTGACCAGCTTAGACAACAAATATCCAGCACAGAACGTGACTATGCCAAACAAGGAACGATTTGACAAATTGTACATTTGGGGGGTTCATCATCCGGACACGGACAGGAACCAATTCTCCCTGTTTGCTCAATCATCAGGAAGAATCACAGTATCTACCAAAAGAAGCCAACAAGCTGTAATCCCAAATATCGGATCTAGACCCAGAGTAAGGGATATCCCTAGCAGAATAAGCATCTATTGGACAATAGTAAAATCGGGAGACATACTTTTGATTAACAGCACAGGGAATCTAATTGCTCCTAGGGGTTACTTCAAAATACGAAGTGGAAAAAGCTCAATAATGAGATCAGACGTACCCATTGGCGAATGTAAGTCAGAATGCATCACTCCAAATGGAAGCATTCCCAATGACAAACCGTTCCAAAATGTAAACAGGATCACATACGGGGCCTGTCCCAGATACGTTAAGCAAAGCACCCTGAAATTGGCAACAGGAATGCGAAATGTACCTGAGAAACAAGCCAGAGGCATATTTGGTGCAATAGCGGGCTTCATAGAAAATGGATGGGAGGGAATGGTGGATGGTTGGTACGGTTTCAGGCATCAAAATTCTGAGGGAAGAGGACAAGCAGCAGATCTCAAAAGCACTCAAGCAGCAATCGATCAAATCAATGGGAAGCTGAATCGATTGATCGGAAAAACCAATGAGAAATTCCATCAGATTGAAAAAGAATTCTCAGAAGTAGAAGGAAGAGTTCAAGACCTTGAGAAATATGTTGAGGACACTAAAATAGATCTCTGGTCATACAACGCGGAGCTTCTTGTTGCCCTGGAGAACCAACATACGATTGACCTAACTGACTCAGAAATGAACAAGCTGTTTGAAAAAACAAAGAAACAACTGAGGGAAAATGCTGAGGATATGGGAAATGGTTGTTTCAAAATATACCACAAATGTGACAATGCCTGCATAGGATCAATAAGAAATGAAACTTATGACCACAATGTGTACAGGGATGAAGCATTAAACAACCGGTTCCAAatcaagggagttgagctgaagtcaggatacaaagattggatcctatggatttcctttgccATGtcTtgCttCCtActGtgCgtAgcACtACtAggCttTatTatgtgggcGtgTcaGaaAggCtcCCtAcaAtgTCgGatTtgTatTTAATAGCGGCGGATAAGCCCTT
flu-seqneut-2026_H1N1_53_bc1,ataTGTATAGGTTATCATGCGAACAATTCAACAGACACTGTGGACACAGTACTAGAAAAGAATGTAACAGTAACACACTCTGTCAATCTTCTAGAAGACAAGCATAACGGAAAACTATGCAAACTAAGAGGGGTAAGCCCATTGCATTTGGGTCAATGTAACATTGCTGGCTGGATCCTGGGAAATCCAGAGTGTGAATCACTCTCCACAGCAAGCTCATGGTCCTACATTGTGGAAACATCTAATTCAGACAATGGAACGTGTTACCCAGGAGATTTCATCAATTATGAGGAGCTAAGAGAGCAATTGAGCTCAGTGTCATCATTTGAACGGTTTGAAATATTCCCCAAGGCAAGTTCATGGCCTAATCATGACTCGGACAATGGTGTAACGGCAGCATGTTCTCACGCTGGAGCAAGAAGCTTCTACAAAAACTTGATATGGCTGGTTAAAAAAGGAAAATCGTACCCAAAGATCAACCAAACCTACTTCAATGATAAAGGGAAAGAAGTCCTCGTGCTGTGGGGCATTCACCATCCACCCACTATTACTGACCAAGAAAGTCTCTATCAGAATGCAGATGCGTATGTTTTTGTGGGGACATCAAGATACAGCAAGAAGTTCAAGCCGGAAATAGCAGCAAGACCCAAAGTGAGGGATCAAGCAGGGAGAATGAACTATTACTGGACACTAGTAGAACCGGGAGACAAAATAACATTCGAAGCAACTGGTAATCTAGTGGCACCGAGGTATGCATTCACAATGGAAAAAGAAGCTGGATCTGGTATTATCATTTCAGATACACCAGTCCACGATTGTAATGCAACTTGTCAGACACCCGAGGGTGCTATAAACACCAGCCTCCCATTTCAAAATGTACATCCGATCACGATTGGGAAATGTCCAAAGTATGTAAGAAGCACAAAACTGAGGCTGGCCACAGGACTGAGGAATGTCCCGTCTATTCAATCTAGAGGCCTATTCGGGGCCATTGCTGGCTTCATCGAAGGGGGATGGACAGGGATGGTCGATGGATGGTACGGTTATCACCATCAAAATGATCAGGGATCAGGATATGCAGCCGATCTGAAGAGCACACAAAATGCCGTTGATAAGATTACCAACAAAGTAAATTCTGTTATTGAAAAGATGAATACACAGTTCACAGCAGTTGGTAAAGAGTTCAACCACCTTGAAAAAAGAATAGAAAATCTAAATAAAAAGGTTGATGATGGTTTCCTGGACGTTTGGACTTACAATGCCGAACTGCTGGTTCTACTGGAAAATGAAAGAACTTTGGACTATCACGATTCAAATGTGAAGAACTTGTATGAAAAAGTAAGACACCAGTTAAAAAACAATGCCAAGGAAACTGGAAACGGCTGCTTTGAATTTTACCACAAATGCGACAACACATGCATGGAAAGTGTCAAGAATGGGACTTATGACTACCCAAAATACTCAGAGGAAGCAAAATTGAACAGAGAAAAAATAGATGGAGTAaaattggaatcaatgggagtgtatcagattctggcgatatattctacagtggcaagctccttagtactgctagtttctttaggagcgattagcttttggatgtgctccaacggCtcCCtAcaAtgTCgGatTtgTatTTAATAGGCGGTGCTCAGCGGGT
flu-seqneut-2026_H1N1_53_bc2,ataTGTATAGGTTATCATGCGAACAATTCAACAGACACTGTGGACACAGTACTAGAAAAGAATGTAACAGTAACACACTCTGTCAATCTTCTAGAAGACAAGCATAACGGAAAACTATGCAAACTAAGAGGGGTAAGCCCATTGCATTTGGGTCAATGTAACATTGCTGGCTGGATCCTGGGAAATCCAGAGTGTGAATCACTCTCCACAGCAAGCTCATGGTCCTACATTGTGGAAACATCTAATTCAGACAATGGAACGTGTTACCCAGGAGATTTCATCAATTATGAGGAGCTAAGAGAGCAATTGAGCTCAGTGTCATCATTTGAACGGTTTGAAATATTCCCCAAGGCAAGTTCATGGCCTAATCATGACTCGGACAATGGTGTAACGGCAGCATGTTCTCACGCTGGAGCAAGAAGCTTCTACAAAAACTTGATATGGCTGGTTAAAAAAGGAAAATCGTACCCAAAGATCAACCAAACCTACTTCAATGATAAAGGGAAAGAAGTCCTCGTGCTGTGGGGCATTCACCATCCACCCACTATTACTGACCAAGAAAGTCTCTATCAGAATGCAGATGCGTATGTTTTTGTGGGGACATCAAGATACAGCAAGAAGTTCAAGCCGGAAATAGCAGCAAGACCCAAAGTGAGGGATCAAGCAGGGAGAATGAACTATTACTGGACACTAGTAGAACCGGGAGACAAAATAACATTCGAAGCAACTGGTAATCTAGTGGCACCGAGGTATGCATTCACAATGGAAAAAGAAGCTGGATCTGGTATTATCATTTCAGATACACCAGTCCACGATTGTAATGCAACTTGTCAGACACCCGAGGGTGCTATAAACACCAGCCTCCCATTTCAAAATGTACATCCGATCACGATTGGGAAATGTCCAAAGTATGTAAGAAGCACAAAACTGAGGCTGGCCACAGGACTGAGGAATGTCCCGTCTATTCAATCTAGAGGCCTATTCGGGGCCATTGCTGGCTTCATCGAAGGGGGATGGACAGGGATGGTCGATGGATGGTACGGTTATCACCATCAAAATGATCAGGGATCAGGATATGCAGCCGATCTGAAGAGCACACAAAATGCCGTTGATAAGATTACCAACAAAGTAAATTCTGTTATTGAAAAGATGAATACACAGTTCACAGCAGTTGGTAAAGAGTTCAACCACCTTGAAAAAAGAATAGAAAATCTAAATAAAAAGGTTGATGATGGTTTCCTGGACGTTTGGACTTACAATGCCGAACTGCTGGTTCTACTGGAAAATGAAAGAACTTTGGACTATCACGATTCAAATGTGAAGAACTTGTATGAAAAAGTAAGACACCAGTTAAAAAACAATGCCAAGGAAACTGGAAACGGCTGCTTTGAATTTTACCACAAATGCGACAACACATGCATGGAAAGTGTCAAGAATGGGACTTATGACTACCCAAAATACTCAGAGGAAGCAAAATTGAACAGAGAAAAAATAGATGGAGTAaaattggaatcaatgggagtgtatcagattctggcgatatattctacagtggcaagctccttagtactgctagtttctttaggagcgattagcttttggatgtgctccaacggCtcCCtAcaAtgTCgGatTtgTatTTAATAGTACCCTTAGTGGAGAT
flu-seqneut-2026_H1N1_54_bc1,ataTGTATAGGTTATCATGCGAACAATTCAACAGACACTGTGGACACAGTACTAGAAAAGAATGTAACAGTAACACACTCTGTCAATCTTCTAGAAGACAAGCATAACGGAAAACTATGCAAACTAAGAGGGGTAGCCCCATTGCATTTGGGTCAATGTAACATTGCTGGCTGGATCCTGGGAAATCCAGAGTGTGAATCACTCTCCACAGCAAGCTCATGGTCCTACATTGTGGAAACATCTAATTCAGACAATGGAACGTGTTACCCAGGAGATTTCATCAATTATGAGGAGCTAAGAGAGCAATTGAGCTCAGTGTCATCATTTGAACGGTTTGAAATATTCCCCAAGGCAAGTTCATGGCCTAATCATGACTCGGACAATGGTGTAACGGCAGCATGTTCTCACGCTGGAGCAAGAAGCTTCTACAAAAACTTGATATGGCTGGTTAAAAAAGGAAAATCGTACCCAAAGATCAACCAAACCTACTTCAATGATAAAGGGAAAGAAGTCCTCGTGCTGTGGGGCATTCACCATCCACCCACTATTACTGACCAAGAAAGTCTCTATCAGAATGCAGATGCGTATGTTTTTGTGGGGACATCAAGATACAGCAAGAAGTTCAAGCCGGAAATAGCAGCAAGACCCAAAGTGAGGGATCAAGCAGGGAGAATGAACTATTACTGGACACTAGTAGAACCGGGAGACAAAATAACATTCGAAGCAACTGGTAATCTAGTGGCACCGAGGTATGCATTCACAATGGAAAAAGAAGCTGGATCTGGTATTATCATTTCAGATACACCAGTCCACGATTGTAATGCAACTTGTCAGACACCCGAGGGTGCTATAAACACCAGCCTCCCATTTCAAAATGTACATCCGATCACGATTGGGAAATGTCCAAAGTATGTAAGAAGCACAAAACTGAGGCTGGCCACAGGACTGAGGAATGTCCCGTCTATTCAATCTAGAGGCCTATTCGGGGCCATTGCTGGCTTCATCGAAGGGGGATGGACAGGGATGGTCGATGGATGGTACGGTTATCACCATCAAAATGATCAGGGATCAGGATATGCAGCCGATCTGAAGAGCACACAAAATGCCGTTGATAAGATTACCAACAAAGTAAATTCTGTTATTGAAAAGATGAATACACAGTTCACAGCAGTTGGTAAAGAGTTCAACCACCTTGAAAAAAGAATAGAAAATCTAAATAAAAAGGTTGATGATGGTTTCCTGGACGTTTGGACTTACAATGCCGAACTGCTGGTTCTACTGGAAAATGAAAGAACTTTGGACTATCACGATTCAAATGTGAAGAACTTGTATGAAAAAGTAAGACACCAGTTAAAAAACAATGCCAAGGAAACTGGAAACGGCTGCTTTGAATTTTACCACAAATGCGACAACACATGCATGGAAAGTGTCAAGAATGGGACTTATGACTACCCAAAATACTCAGAGGAAGCAAAATTGAACAGAGAAAAAATAGATGGAGTAaaattggaatcaatgggagtgtatcagattctggcgatatattctacagtggcaagctccttagtactgctagtttctttaggagcgattagcttttggatgtgctccaacggCtcCCtAcaAtgTCgGatTtgTatTTAATAGACGTCTTCATTTTCCC
flu-seqneut-2026_H1N1_54_bc2,ataTGTATAGGTTATCATGCGAACAATTCAACAGACACTGTGGACACAGTACTAGAAAAGAATGTAACAGTAACACACTCTGTCAATCTTCTAGAAGACAAGCATAACGGAAAACTATGCAAACTAAGAGGGGTAGCCCCATTGCATTTGGGTCAATGTAACATTGCTGGCTGGATCCTGGGAAATCCAGAGTGTGAATCACTCTCCACAGCAAGCTCATGGTCCTACATTGTGGAAACATCTAATTCAGACAATGGAACGTGTTACCCAGGAGATTTCATCAATTATGAGGAGCTAAGAGAGCAATTGAGCTCAGTGTCATCATTTGAACGGTTTGAAATATTCCCCAAGGCAAGTTCATGGCCTAATCATGACTCGGACAATGGTGTAACGGCAGCATGTTCTCACGCTGGAGCAAGAAGCTTCTACAAAAACTTGATATGGCTGGTTAAAAAAGGAAAATCGTACCCAAAGATCAACCAAACCTACTTCAATGATAAAGGGAAAGAAGTCCTCGTGCTGTGGGGCATTCACCATCCACCCACTATTACTGACCAAGAAAGTCTCTATCAGAATGCAGATGCGTATGTTTTTGTGGGGACATCAAGATACAGCAAGAAGTTCAAGCCGGAAATAGCAGCAAGACCCAAAGTGAGGGATCAAGCAGGGAGAATGAACTATTACTGGACACTAGTAGAACCGGGAGACAAAATAACATTCGAAGCAACTGGTAATCTAGTGGCACCGAGGTATGCATTCACAATGGAAAAAGAAGCTGGATCTGGTATTATCATTTCAGATACACCAGTCCACGATTGTAATGCAACTTGTCAGACACCCGAGGGTGCTATAAACACCAGCCTCCCATTTCAAAATGTACATCCGATCACGATTGGGAAATGTCCAAAGTATGTAAGAAGCACAAAACTGAGGCTGGCCACAGGACTGAGGAATGTCCCGTCTATTCAATCTAGAGGCCTATTCGGGGCCATTGCTGGCTTCATCGAAGGGGGATGGACAGGGATGGTCGATGGATGGTACGGTTATCACCATCAAAATGATCAGGGATCAGGATATGCAGCCGATCTGAAGAGCACACAAAATGCCGTTGATAAGATTACCAACAAAGTAAATTCTGTTATTGAAAAGATGAATACACAGTTCACAGCAGTTGGTAAAGAGTTCAACCACCTTGAAAAAAGAATAGAAAATCTAAATAAAAAGGTTGATGATGGTTTCCTGGACGTTTGGACTTACAATGCCGAACTGCTGGTTCTACTGGAAAATGAAAGAACTTTGGACTATCACGATTCAAATGTGAAGAACTTGTATGAAAAAGTAAGACACCAGTTAAAAAACAATGCCAAGGAAACTGGAAACGGCTGCTTTGAATTTTACCACAAATGCGACAACACATGCATGGAAAGTGTCAAGAATGGGACTTATGACTACCCAAAATACTCAGAGGAAGCAAAATTGAACAGAGAAAAAATAGATGGAGTAaaattggaatcaatgggagtgtatcagattctggcgatatattctacagtggcaagctccttagtactgctagtttctttaggagcgattagcttttggatgtgctccaacggCtcCCtAcaAtgTCgGatTtgTatTTAATAGTGCACTTGACCGGGAA
