strain,accession_for_nt_sequence,accession_w_aa_muts_added,aa_muts_added_to_accession,prot_sequence,nt_sequence
A/Thuringen/17/2026,PZ002952,PZ002952,,QKIPGNDNSTATLCLGHHAVPNGTIVKTITNDRIEVTNATELVQNSSIGKICNSPHQILDGGNCTLIDALLGDPQCDGVQNKEWDLFVERSRANSSCYPYDVPDYASLRSLVASSGTLEFKDESFNWTGVKQNGKSSACKRGSNSSFFSRLNWLTSLDNKYPAQNVTMPNKEQFDKLYIWGVHHPDTDRNQFSLFAQSSGRITVSTKRSQQAVIPNIGSRPRVRDIPSRISIYWTIVKPGDILLINSTGNLIAPRGYFKIRSGKSSIMRSDAPIGECKSECITPNGSIPNDKPFQNVNRITYGACPRYVKQSTLKLATGMRNVPEKQARGIFGAIAGFIENGWEGMVDGWYGFRHQNSEGRGQAADLKSTQAAIDQISGKLNRLIGKTNEKFHQIEKEFSEVEGRVQDLEKYVEDTKIDLWSYNAELLVALENQHTIDLTDSEMNKLFEKTKKQLRENAEDMGNGCFKIYHKCDNACIGSIRNETYDHNVYRDEALNNRFQIKGVELKSGYKDWILWISFAMSCFLLCIALLGFIMWACQKGNIRCNICI,CAAAAAATACCTGGAAATGACAATAGCACGGCAACGCTGTGCCTTGGGCACCATGCAGTACCAAACGGAACGATAGTGAAAACAATCACAAATGACCGAATTGAAGTTACTAATGCTACTGAGTTGGTTCAGAATTCATCAATAGGTAAAATATGCAACAGTCCTCATCAGATCCTTGATGGAGGGAACTGCACACTAATAGATGCTCTATTGGGGGACCCTCAGTGTGACGGCGTTCAGAATAAGGAATGGGACCTTTTTGTTGAACGAAGCAGAGCCAACAGCAGCTGTTACCCTTATGATGTGCCGGATTATGCCTCCCTTAGGTCACTAGTTGCCTCATCCGGAACACTGGAGTTTAAAGATGAAAGCTTCAATTGGACCGGAGTCAAACAAAACGGGAAAAGTTCTGCGTGCAAAAGGGGATCTAATAGTAGTTTTTTTAGTAGATTAAATTGGTTGACCAGCTTAGACAACAAATATCCAGCACAGAACGTGACTATGCCAAACAAGGAACAATTTGACAAATTGTACATTTGGGGGGTTCATCATCCGGACACGGACAGGAACCAATTCTCCCTGTTTGCTCAATCATCAGGAAGAATCACAGTATCTACCAAAAGAAGCCAACAAGCTGTAATCCCAAATATCGGATCTAGACCCAGAGTAAGGGATATCCCTAGCAGAATAAGCATCTATTGGACAATAGTAAAACCGGGAGACATACTTTTGATTAACAGCACAGGGAATCTAATTGCTCCTAGGGGTTACTTCAAAATACGAAGTGGAAAAAGCTCAATAATGAGATCAGACGCACCCATTGGCGAATGTAAGTCAGAATGCATCACTCCAAATGGAAGCATTCCCAATGACAAACCGTTCCAAAATGTAAACAGGATCACATACGGGGCCTGTCCCAGATACGTTAAGCAAAGCACCCTGAAATTGGCAACAGGAATGCGAAATGTACCTGAGAAACAAGCCAGAGGCATATTTGGTGCAATAGCGGGCTTCATAGAAAATGGATGGGAGGGAATGGTGGATGGTTGGTACGGTTTCAGGCATCAAAATTCTGAGGGAAGAGGACAAGCAGCAGATCTCAAAAGCACTCAAGCAGCAATCGATCAAATCAGTGGGAAGCTGAATCGATTGATCGGAAAAACCAATGAGAAATTCCATCAGATTGAAAAAGAATTCTCAGAAGTAGAAGGAAGAGTTCAAGACCTTGAGAAATATGTTGAGGACACTAAAATAGATCTCTGGTCATACAACGCGGAGCTTCTTGTTGCCCTGGAGAACCAACATACGATTGACCTAACTGACTCAGAAATGAACAAGCTGTTTGAAAAAACAAAGAAACAACTGAGGGAAAATGCTGAGGATATGGGAAATGGTTGTTTCAAAATATACCACAAATGTGACAATGCCTGCATAGGATCAATAAGAAATGAAACTTATGACCACAATGTGTACAGGGATGAAGCATTAAACAACCGGTTCCAAATCAAGGGAGTTGAGCTGAAGTCAGGATACAAAGATTGGATCCTATGGATTTCCTTTGCCATGTCATGTTTTTTGCTTTGTATTGCTTTGTTGGGGTTCATCATGTGGGCCTGCCAAAAGGGCAACATTAGGTGCAACATTTGCATT
A/Oregon/81/2025,PZ464811,PZ464811,,QKIPGNDNSTATLCLGHHAVPNGTIVKTITNDRIEVTNATELVQNSSIGKICNSPHQILDGGNCTLIDALLGDPQCDGVQNKEWDLFVERSRANSSCYPYDVPDYASLRSLVASSGTLEFKDESFNWTGVKQNGKSSACKRGSNSSFFSRLNWLTSLDNKYPAQNVTMPNKEQFDKLYIWGVHHPDTDRNQFSLFAQTSGRITVSTKRSQQAVIPNIGSRPRVRDIPSRISIYWTIVKPGDILLINSTGNLIAPRGYFKIRSGKSSIMRSDAPIGECKSECITPNGSIPNDKPFQNVNRITYGACPRYVKQSTLKLATGMRNVPEKQARGIFGAIAGFIENGWEGMVDGWYGFRHQNSEGRGQAADLKSTQAAIDQISGKLNRLIGKTNEKFHQIEKEFSEVEGRVQDLEKYVEDTKIDLWSYNAELLVALENQHTIDLTDSEMNKLFEKTKKQLRENAEDMGNGCFKIYHKCDNACIGSIRNETYDHNVYRDEALNNRFQIKGVELKSGYKDWILWISFAMSCFLLCIALLGFIMWACQKGNIRCNICI,CAAAAAATACCTGGAAATGACAATAGCACGGCAACGCTGTGCCTTGGGCACCATGCAGTACCAAACGGAACGATAGTGAAAACAATCACAAATGACCGAATTGAAGTTACTAATGCTACTGAGTTGGTTCAGAATTCATCAATAGGTAAAATATGCAACAGTCCTCATCAGATCCTTGATGGAGGGAACTGCACACTAATAGATGCTCTATTGGGGGACCCTCAGTGTGACGGCGTTCAGAATAAGGAATGGGACCTTTTTGTTGAACGAAGCAGAGCCAACAGCAGCTGTTACCCTTATGATGTGCCGGATTATGCCTCCCTTAGGTCACTAGTTGCCTCATCCGGAACACTGGAGTTTAAAGATGAAAGCTTCAATTGGACCGGAGTCAAACAAAACGGGAAAAGTTCTGCGTGCAAAAGGGGATCTAATAGTAGTTTTTTTAGTAGATTAAATTGGTTGACCAGCTTAGACAACAAATATCCAGCACAGAACGTGACTATGCCAAACAAGGAACAATTTGACAAATTGTACATTTGGGGGGTTCATCATCCGGACACGGACAGGAACCAATTCTCCCTGTTTGCTCAAACATCAGGAAGAATCACAGTATCTACCAAAAGAAGCCAACAAGCTGTAATCCCAAATATCGGATCTAGACCCAGAGTAAGGGATATCCCTAGCAGAATAAGCATCTATTGGACAATAGTAAAACCGGGAGACATACTTTTGATTAACAGCACAGGGAATCTAATTGCTCCTAGGGGTTACTTCAAAATACGAAGTGGAAAAAGCTCAATAATGAGATCAGACGCACCCATTGGCGAATGTAAGTCAGAATGCATCACTCCAAATGGAAGCATTCCCAATGACAAACCGTTCCAAAATGTAAACAGGATCACATACGGGGCCTGTCCCAGATACGTTAAGCAAAGCACCCTGAAATTGGCAACAGGAATGCGAAATGTACCTGAGAAACAAGCCAGAGGCATATTTGGTGCAATAGCGGGCTTCATAGAAAATGGATGGGAGGGAATGGTGGATGGTTGGTACGGTTTCAGGCATCAAAATTCTGAGGGAAGAGGACAAGCAGCAGATCTCAAAAGCACTCAAGCAGCAATCGATCAAATCAGTGGGAAGCTGAATCGATTGATCGGAAAAACCAATGAGAAATTCCATCAGATTGAAAAAGAATTCTCAGAAGTAGAAGGAAGAGTTCAAGACCTTGAGAAATATGTTGAGGACACTAAAATAGATCTCTGGTCATACAACGCGGAGCTTCTTGTTGCCCTGGAGAACCAACATACGATTGACCTAACTGACTCAGAAATGAACAAGCTGTTTGAAAAAACAAAGAAACAACTGAGGGAAAATGCTGAGGATATGGGAAATGGTTGTTTCAAAATATACCACAAATGTGACAATGCCTGCATAGGATCAATAAGAAATGAAACTTATGACCACAATGTGTACAGGGATGAAGCATTAAACAACCGGTTCCAAATCAAGGGAGTTGAGCTGAAGTCAGGATACAAAGATTGGATCCTATGGATTTCCTTTGCCATGTCATGTTTTTTGCTTTGTATTGCTTTGTTGGGGTTCATCATGTGGGCCTGCCAAAAGGGCAACATTAGGTGCAACATTTGCATT
A/Michigan/UM-10068449788/2025,PX842062,PX842062,,QKIPGNDNSTATLCLGHHAVPNGTIVKTITNDRIEVTNATELVQNSSIGKICNSPHQILDGGNCTLIDALLGDPQCDGVQNKEWDLFVERSRANSSCYPYDVPDYASLRSLVASSGTLEFKDESFNWTGVRQNGKSSACKRGSNSSFFSRLNWLTSLDNKYPAQNVTMPNKEQFDKLYIWGVHHPDTDRNQFSLFAQSSGRITVSTKRSQQAVIPNIGSRPRVRDIPSRISIYWTIVKPGDILLINSTGNLIAPRGYFKIRSGKSSIMRSDAPIGECKSECITPNGSIPNDKPFQNVNRITYGACPRYVKQSTLKLATGMRNVPEKQARGIFGAIAGFIENGWEGMVDGWYGFRHQNSEGRGQAADLKSTQAAIDQISGKLNRLIGKTNEKFHQIEKEFSEVEGRVQDLEKYVEDTKIDLWSYNAELLVALENQHTIDLTDSEMNKLFEKTKKQLRENAEDMGNGCFKIYHKCDNACIGSIRNETYDHNVYRDEALNNRFQIKGVELKSGYKDWILWISFAMSCFLLCIALLGFIMWACQKGNIRCNICI,CAAAAAATACCTGGAAATGACAATAGCACGGCAACGCTGTGCCTTGGGCACCATGCAGTACCAAACGGAACGATAGTGAAAACAATCACAAATGACCGAATTGAAGTTACTAATGCTACTGAGTTGGTTCAGAATTCATCAATAGGTAAAATATGCAACAGTCCTCATCAGATCCTTGATGGAGGGAACTGCACACTAATAGATGCTCTATTGGGGGACCCTCAGTGTGACGGCGTTCAGAATAAGGAATGGGACCTTTTTGTTGAACGAAGCAGAGCCAACAGCAGCTGTTACCCTTATGATGTGCCGGATTATGCCTCCCTTAGGTCACTAGTTGCCTCATCCGGAACACTGGAGTTTAAAGATGAAAGCTTCAATTGGACCGGAGTCAGACAAAACGGGAAAAGTTCTGCGTGCAAAAGGGGATCTAATAGTAGTTTTTTTAGTAGATTAAATTGGTTGACCAGCTTAGACAACAAATATCCAGCACAGAACGTGACTATGCCAAACAAGGAACAATTTGACAAATTGTACATTTGGGGGGTTCATCATCCGGACACGGACAGGAACCAATTCTCCCTGTTTGCTCAATCATCAGGAAGAATCACAGTATCTACCAAAAGAAGCCAACAAGCTGTAATCCCAAATATCGGATCTAGACCCAGAGTAAGGGATATCCCTAGCAGAATAAGCATCTATTGGACAATAGTAAAACCGGGAGACATACTTTTGATTAACAGCACAGGGAATCTAATTGCTCCTAGGGGTTACTTCAAAATACGAAGTGGAAAAAGCTCAATAATGAGATCAGACGCACCCATTGGCGAATGTAAGTCAGAATGCATCACTCCAAATGGAAGCATTCCCAATGACAAACCGTTCCAAAATGTAAACAGGATCACATACGGGGCCTGTCCCAGATACGTTAAGCAAAGCACCCTGAAATTGGCAACAGGAATGCGAAATGTACCTGAGAAACAAGCCAGAGGCATATTTGGTGCAATAGCGGGCTTCATAGAAAATGGATGGGAGGGAATGGTGGATGGTTGGTACGGTTTCAGGCATCAAAATTCTGAGGGAAGAGGACAAGCAGCAGATCTCAAAAGCACTCAAGCAGCAATCGATCAAATCAGTGGGAAGCTGAATCGATTGATCGGAAAAACCAATGAGAAATTCCATCAGATTGAAAAAGAATTCTCAGAAGTAGAAGGAAGAGTTCAAGACCTTGAGAAATATGTTGAGGACACTAAAATAGATCTCTGGTCATACAACGCGGAGCTTCTTGTTGCCCTGGAGAACCAACATACGATTGACCTAACTGACTCAGAAATGAACAAGCTGTTTGAAAAAACAAAGAAACAACTGAGGGAAAATGCTGAGGATATGGGAAATGGTTGTTTCAAAATATACCACAAATGTGACAATGCCTGCATAGGATCAATAAGAAATGAAACTTATGACCACAATGTGTACAGGGATGAAGCATTAAACAACCGGTTCCAAATCAAGGGAGTTGAGCTGAAGTCAGGATACAAAGATTGGATCCTATGGATTTCCTTTGCCATGTCATGTTTTTTGCTTTGTATTGCTTTGTTGGGGTTCATCATGTGGGCCTGCCAAAAGGGCAACATTAGGTGCAACATTTGCATT
A/France/HDF-RELAB-IPP00300/2026,PX848096,PX848096,,QNIPGNDNSTATLCLGHHAVPNGTIVKTITNDRIEVTNATELVQNSSIGKICNSPHQILDGGNCTLIDALLGDPQCDGFQNKEWDLFVERSRANSSCYPYDVPDYASLRSLVASSGTLEFKDESFNWTRVKQNGKSSACKRGSNSSFFSRLNWLTSLDNKYPAQNVTMPNKERFDKLYIWGVHHPDTDRNQFSLFAQSSGRITVSTKRSQQAVIPNIGSRPRVRDIPSRISIYWTIVKPGDILLINSTGNLIAPRGYFKIRSGKSSIMRSDAPIGECKSECITPNGSIPNDKPFQNVNRITYGACPRYVKQSTLKLATGMRNVPEKQARGIFGAIAGFIENGWEGMVDGWYGFRHQNSEGRGQAADLKSTQAAIDQINGKLNRLIGKTNEKFHQIEKEFSEVEGRVQDLEKYVEDTKIDLWSYNAELLVALENQHTIDLTDSEMNKLFEKTKKQLRENAEDMGNGCFKIYHKCDNACIGSIRNETYDHNVYRDEALNNRFQIKGVELKSGYKDWILWISFAMSCFLLCIALLGFIMWACQKGNIRCNICI,CAAAACATACCTGGAAATGACAATAGCACGGCAACGCTGTGCCTTGGGCACCATGCAGTACCAAACGGAACGATAGTGAAAACAATCACAAATGACCGAATTGAAGTTACTAATGCTACTGAGTTGGTTCAGAATTCATCAATAGGTAAAATATGCAACAGTCCTCATCAGATCCTTGATGGAGGGAACTGCACACTAATAGATGCTCTATTGGGGGACCCTCAGTGTGACGGCTTTCAGAATAAGGAATGGGACCTTTTTGTTGAACGAAGCAGAGCCAACAGCAGCTGTTACCCTTATGATGTGCCGGATTATGCCTCCCTTAGGTCACTAGTTGCCTCATCCGGAACACTGGAGTTTAAAGATGAAAGCTTCAATTGGACCAGAGTCAAACAAAACGGGAAAAGTTCTGCGTGCAAAAGGGGATCTAATAGTAGTTTTTTTAGTAGATTAAATTGGTTGACCAGCTTAGACAACAAATATCCAGCACAGAACGTGACTATGCCAAACAAGGAACGATTTGACAAATTGTACATTTGGGGGGTTCATCATCCGGACACGGACAGGAACCAATTCTCCCTGTTTGCTCAATCATCAGGAAGAATCACAGTATCTACCAAAAGAAGCCAACAAGCTGTAATCCCAAATATCGGATCTAGACCCAGAGTAAGGGATATCCCTAGCAGAATAAGCATCTATTGGACAATAGTAAAACCGGGAGACATACTTTTGATTAACAGCACAGGGAATCTAATTGCTCCTAGGGGTTACTTCAAAATACGAAGTGGAAAAAGCTCAATAATGAGATCAGACGCACCCATTGGCGAATGTAAGTCAGAATGCATCACTCCAAATGGAAGCATTCCCAATGACAAACCGTTCCAAAATGTAAACAGGATCACATACGGGGCCTGTCCCAGATACGTTAAGCAAAGCACCCTGAAATTGGCAACAGGAATGCGAAATGTACCTGAGAAACAAGCCAGAGGCATATTTGGTGCAATAGCGGGCTTCATAGAAAATGGATGGGAGGGAATGGTGGATGGTTGGTACGGTTTCAGGCATCAAAATTCTGAGGGAAGAGGACAAGCAGCAGATCTCAAAAGCACTCAAGCAGCAATCGATCAAATCAATGGGAAGCTGAATCGATTGATCGGAAAAACCAATGAGAAATTCCATCAGATTGAAAAAGAATTCTCAGAAGTAGAAGGAAGAGTTCAAGACCTTGAGAAATATGTTGAGGACACTAAAATAGATCTCTGGTCATACAACGCGGAGCTTCTTGTTGCCCTGGAGAACCAACATACGATTGACCTAACTGACTCAGAAATGAACAAGCTGTTTGAAAAAACAAAGAAACAACTGAGGGAAAATGCTGAGGATATGGGAAATGGTTGTTTCAAAATATACCACAAATGTGACAATGCCTGCATAGGATCAATAAGAAATGAAACTTATGACCACAATGTGTACAGGGATGAAGCATTAAACAACCGGTTCCAAATCAAGGGAGTTGAGCTGAAGTCAGGGTACAAAGATTGGATCCTATGGATTTCCTTTGCCATGTCATGTTTTTTGCTTTGTATTGCTTTGTTGGGGTTCATCATGTGGGCCTGCCAAAAAGGCAACATTAGGTGCAACATTTGCATT
A/France/NAQ-HCL026010957001/2026,PX988500,PX988500,,QNIPGNDNSTATLCLGHHAVPNGTIVKTITNDRIEVTNATELVQNSSIGKICNSPHQILDGGNCTLIDALLGDPQCDGFQNKEWDLFVERSRANSSCYPYDVPDYASLRSLVASSGTLEFKDESFNWTGVKQNGKSSACKRGSNSSFFSRLNWLTSLDNKYPAQNVTMPNKERFDKLYIWGVHHPDTDRNQFSLFAQSSGRITVSTKRSQQAVIPNIGSRPRVRDIPSRISIYWTIVKPGDILLINSTGNLIAPRGYFKIRSGKSSIMRSDAPIGECKSECITPNGSVPNDKPFQNVNRITYGACPRYVKQSTLKLATGMRNVPEKQARGIFGAIAGFIENGWEGMVDGWYGFRHQNSEGRGQAADLKSTQAAIDQINGKLNRLIGKTNEKFHQIEKEFSEVEGRVQDLEKYVEDTKIDLWSYNAELLVALENQHTIDLTDSEMNKLFEKTKKQLRENAEDMGNGCFKIYHKCDNACIGSIRNETYDHNVYRDEALNNRFQIKGVELKSGYKDWILWISFAMSCFLLCIALLGFIMWACQKGNIRCNICI,CAAAACATACCTGGAAATGACAATAGCACGGCAACGCTGTGCCTTGGGCACCATGCAGTACCAAACGGAACGATAGTGAAAACAATCACAAATGACCGAATTGAAGTTACTAATGCTACTGAGTTGGTTCAGAATTCATCAATAGGTAAAATATGCAACAGTCCTCATCAGATCCTTGATGGAGGGAACTGCACACTAATAGATGCTCTATTGGGGGACCCTCAGTGTGACGGCTTTCAGAATAAGGAATGGGACCTTTTTGTTGAACGAAGCAGAGCCAACAGCAGCTGTTACCCTTATGATGTGCCGGATTATGCCTCCCTTAGGTCACTAGTTGCCTCATCCGGAACACTGGAGTTTAAAGATGAAAGCTTCAATTGGACCGGAGTCAAACAAAACGGGAAAAGTTCTGCGTGCAAAAGGGGATCTAATAGTAGTTTTTTTAGTAGATTAAATTGGTTGACCAGCTTAGACAACAAATATCCAGCACAGAACGTGACTATGCCAAACAAGGAACGATTTGACAAATTGTACATTTGGGGGGTTCATCATCCGGACACGGACAGGAACCAATTCTCCCTGTTTGCTCAATCATCAGGAAGAATCACAGTATCTACCAAAAGAAGCCAACAAGCTGTAATCCCAAATATCGGATCTAGACCCAGAGTGAGGGATATCCCTAGCAGAATAAGCATCTATTGGACAATAGTAAAACCGGGAGACATACTTTTGATTAACAGCACAGGGAATCTAATTGCTCCTAGGGGTTACTTCAAAATACGGAGTGGAAAAAGCTCAATAATGAGATCAGACGCACCCATTGGCGAATGTAAGTCAGAATGCATCACTCCAAATGGAAGCGTTCCCAATGACAAACCGTTCCAAAATGTAAACAGGATCACATACGGTGCCTGTCCCAGATACGTTAAGCAAAGCACCCTGAAATTGGCAACAGGAATGCGAAATGTACCTGAGAAACAAGCCAGAGGCATATTTGGTGCAATAGCGGGCTTCATAGAAAATGGATGGGAGGGAATGGTGGATGGTTGGTACGGTTTCAGGCATCAAAATTCTGAGGGAAGAGGACAAGCAGCAGATCTCAAAAGCACTCAAGCAGCAATCGATCAAATCAATGGGAAGCTGAATCGATTGATCGGAAAAACCAATGAGAAATTCCATCAGATTGAAAAAGAATTCTCAGAAGTAGAAGGAAGAGTTCAAGACCTTGAGAAATATGTTGAGGACACTAAAATAGATCTCTGGTCATACAACGCGGAGCTTCTTGTTGCCCTGGAGAACCAACATACGATTGACCTAACTGACTCAGAAATGAACAAGCTGTTTGAAAAAACAAAGAAACAACTGAGGGAAAATGCTGAGGATATGGGAAATGGTTGTTTCAAAATATACCACAAATGTGACAATGCCTGCATAGGATCAATAAGAAATGAAACTTATGACCACAATGTGTACAGGGATGAAGCATTAAACAACCGGTTCCAAATCAAGGGAGTTGAGCTGAAGTCAGGGTACAAAGATTGGATCCTATGGATTTCCTTTGCCATGTCATGTTTTTTGCTTTGTATTGCTTTGTTGGGGTTCATCATGTGGGCCTGCCAAAAGGGCAACATTAGGTGCAACATTTGCATT
A/Michigan/UM-10068456988/2025,PX913290,PX913290,,QNIPGNDNSTATLCLGHHAVPNGTIVKTITNDRIEVTNATELVQNSSIGKICNSPHQILDGGNCTLIDALLGDPQCDGFQNKEWDLFVERSRANSSCYPYDVPDYASLRSLVASSGTLEFKDESFNWTGVKQNGKSSACKRGSNSSFFSRLNWLTSLDNKYPAQNVTMPNKERFDKLYIWGVHHPDTDRNQFSLFAQSSGRITVSTKRSQQAVIPNIGSRPKVRDIPSRISIYWTIVKPGDILLINSTGNLIAPRGYFKIRSGKSSIMRSDAPIGECKSECITPNGSIPNDKPFQNVNRITYGACPRYVKQSTLKLATGMRNVPEKQARGIFGAIAGFIENGWEGMVDGWYGFRHQNSEGRGQAADLKSTQAAIDQINGKLNRLIGKTNEKFHQIEKEFSEVEGRVQDLEKYVEDTKIDLWSYNAELLVALENQHTIDLTDSEMNKLFEKTKKQLRENAEDMGNGCFKIYHKCDNACIGSIRNETYDHNVYRDEALNNRFQIKGVELKSGYKDWILWISFAMSCFLLCIALLGFIMWACQKGNIRCNICI,CAAAACATACCTGGAAATGACAATAGCACGGCAACGCTGTGCCTTGGGCACCATGCAGTACCAAACGGAACGATAGTGAAAACAATCACAAATGACCGAATTGAAGTTACTAATGCTACTGAGTTGGTTCAGAATTCATCAATAGGTAAAATATGCAACAGTCCTCATCAGATCCTTGATGGAGGGAACTGCACACTAATAGATGCTCTATTGGGGGACCCTCAGTGTGACGGCTTTCAGAATAAGGAATGGGACCTTTTTGTTGAACGAAGCAGAGCCAACAGCAGCTGTTACCCTTATGATGTGCCGGATTATGCCTCCCTTAGGTCACTAGTTGCCTCATCCGGAACACTGGAGTTTAAAGATGAAAGCTTCAATTGGACCGGAGTCAAACAAAACGGGAAAAGTTCTGCGTGCAAAAGGGGATCTAATAGTAGTTTTTTTAGTAGATTAAATTGGTTGACCAGCTTAGACAACAAATATCCAGCACAGAACGTAACTATGCCAAACAAGGAACGATTTGACAAATTGTACATTTGGGGGGTTCATCATCCGGACACGGACAGGAACCAATTCTCCCTGTTTGCTCAATCATCAGGAAGAATCACAGTATCTACCAAAAGAAGCCAACAAGCTGTAATCCCAAATATCGGATCTAGACCCAAAGTAAGGGATATCCCTAGCAGAATAAGCATCTATTGGACAATAGTAAAACCGGGAGACATACTTTTGATTAACAGCACAGGGAATCTAATTGCTCCTAGGGGTTACTTCAAAATACGAAGTGGAAAAAGCTCAATAATGAGATCAGACGCACCCATTGGCGAATGTAAGTCAGAATGCATCACTCCAAATGGAAGCATTCCCAATGACAAACCGTTCCAAAATGTAAACAGGATCACATACGGGGCCTGTCCCAGATACGTTAAGCAAAGCACCCTGAAATTGGCAACAGGAATGCGAAATGTACCTGAGAAACAAGCCAGAGGCATATTTGGTGCAATAGCGGGCTTCATAGAAAATGGATGGGAGGGAATGGTGGATGGTTGGTACGGTTTCAGGCATCAAAATTCTGAGGGAAGAGGACAAGCAGCAGATCTCAAAAGCACTCAAGCAGCAATCGATCAAATCAATGGGAAGCTGAATCGATTGATCGGAAAAACCAATGAGAAATTCCATCAGATTGAAAAAGAATTCTCAGAAGTAGAAGGAAGAGTTCAAGACCTTGAGAAATATGTTGAGGACACTAAAATAGATCTCTGGTCATACAACGCGGAGCTTCTTGTTGCCCTGGAGAACCAACATACGATTGACCTAACTGACTCAGAAATGAACAAGCTGTTTGAAAAAACAAAGAAACAACTGAGGGAAAATGCTGAGGATATGGGAAATGGTTGTTTCAAAATATACCACAAATGTGACAATGCCTGCATAGGATCAATAAGAAATGAAACTTATGACCACAATGTGTACAGGGATGAAGCATTAAACAACCGGTTCCAAATCAAGGGAGTTGAGCTGAAGTCAGGGTACAAAGATTGGATCCTATGGATTTCCTTTGCCATGTCATGTTTTTTGCTTTGTATTGCTTTGTTGGGGTTCATCATGTGGGCCTGCCAAAAGGGCAACATTAGGTGCAACATTTGCATT
A/Badajoz/18813527/2026,PZ059238,PZ059238,,QNIPGNDNSTATLCLGHHAVPNGTIVKTITNDQIEVTNATELVQNSSIGKICNSPHQILDGGNCTLIDALLGDPQCDGFQNKEWDLFVERSRANSSCYPYDVPDYASLRSLVASSGTLEFKDESFNWTGVKQNGKSSACKRGSNSSFFSRLNWLTSLDNKYPAQNVTMPNKERFDKLYIWGVHHPDTDRNQFSLFAQSSGRITVSTKRSQQAVIPNIGSRPRVRDIPSRISIYWTIVKPGDILLINSTGNLIAPRGYFKIRSGKSSIMRSDAPIGECKSECITPNGSIPNDKPFQNVNRITYGACPRYVKQSTLKLATGMRNVPEKQARGIFGAIAGFIENGWEGMVDGWYGFRHQNSEGRGQAADLKSTQAAIDQINGKLNRLIGKTNEKFHQIEKEFSEVEGRVQDLEKYVEDTKIDLWSYNAELLVALENQHTIDLTDSEMNKLFEKTKKQLRENAEDMGNGCFKIYHKCDNACIGSIRNETYDHNVYRDEALNNRFQIKGVELKSGYKDWILWISFAMSCFLLCIALLGFIMWACQKGNIRCNICI,CAAAACATACCTGGAAATGACAATAGCACGGCAACGCTGTGCCTTGGGCACCATGCAGTACCAAACGGAACGATAGTGAAAACAATCACAAATGACCAAATTGAAGTTACTAATGCTACTGAGTTGGTTCAGAATTCATCAATAGGTAAAATATGCAACAGTCCTCATCAGATCCTTGATGGAGGGAACTGCACACTAATAGATGCTCTATTGGGGGACCCTCAGTGTGACGGCTTTCAGAATAAGGAATGGGACCTTTTTGTTGAACGAAGCAGAGCCAACAGCAGCTGTTACCCTTATGATGTGCCGGATTATGCCTCCCTTAGGTCACTAGTTGCCTCATCCGGAACACTGGAGTTTAAAGATGAAAGCTTCAATTGGACCGGAGTCAAACAAAACGGGAAAAGTTCTGCGTGCAAAAGGGGATCTAATAGTAGTTTTTTTAGTAGATTAAATTGGTTGACCAGCTTAGACAACAAATATCCAGCACAGAACGTAACTATGCCAAACAAGGAACGATTTGACAAATTGTACATTTGGGGGGTTCATCATCCGGACACGGACAGGAACCAATTCTCCCTGTTTGCTCAATCATCAGGAAGAATCACAGTATCTACCAAAAGAAGCCAACAAGCTGTAATCCCAAATATCGGATCTAGACCCAGAGTAAGGGATATCCCTAGCAGAATAAGCATCTATTGGACAATAGTAAAACCGGGAGACATACTTTTGATTAACAGCACAGGGAATCTAATTGCTCCTAGGGGTTACTTCAAAATACGAAGTGGAAAAAGCTCAATAATGAGATCAGACGCACCCATTGGCGAATGTAAGTCAGAATGCATCACTCCAAATGGAAGCATTCCCAATGACAAACCGTTCCAAAATGTAAACAGGATCACATACGGGGCCTGTCCCAGATACGTTAAGCAAAGCACCCTGAAATTGGCAACAGGAATGCGAAATGTACCTGAGAAACAAGCCAGAGGCATATTTGGTGCAATAGCGGGCTTCATAGAAAATGGATGGGAGGGAATGGTGGATGGTTGGTACGGTTTCAGGCATCAAAATTCTGAGGGAAGAGGACAAGCAGCAGATCTCAAAAGCACTCAAGCAGCAATCGATCAAATCAATGGGAAGCTGAATCGATTGATCGGGAAAACCAATGAGAAATTCCATCAGATTGAAAAAGAATTCTCAGAAGTAGAAGGAAGAGTTCAAGACCTTGAGAAATATGTTGAGGACACTAAAATAGATCTCTGGTCATACAACGCGGAGCTTCTTGTTGCCCTGGAGAACCAACATACGATTGACCTAACTGACTCAGAAATGAACAAGCTGTTTGAAAAAACAAAGAAACAACTGAGGGAAAATGCTGAGGATATGGGAAATGGTTGTTTCAAAATATACCACAAATGTGACAATGCCTGCATAGGATCAATAAGAAATGAAACTTATGACCACAATGTGTACAGGGATGAAGCATTAAACAACCGGTTCCAAATCAAGGGAGTTGAGCTGAAGTCAGGGTACAAAGATTGGATCCTATGGATTTCCTTTGCCATGTCATGTTTTTTGCTTTGTATTGCTTTGTTGGGGTTCATCATGTGGGCCTGCCAAAAGGGCAACATTAGGTGCAACATTTGCATT
A/California/NIRC-IS-1067/2026,PZ444517,PZ444517,,QNIPGNDNSTATLCLGHHAVPNGTIVKTITNDRIEVTNATELVQNSSIGKICNSPHQILDGRNCTLIDALLGDPQCDGFQNKEWDLFVERSRANSSCYPYDVPDYASLRSLVASSGTLEFKDESFNWTGVKQNGKSSACKRGSNSSFFSRLNWLTSLDNKYPAQNVTMPNKERFDKLYIWGVHHPDTDRNQFSLFAQSSGRITVSTKRSQQAVIPNIGSRPRVRDIPSRISIYWTIVKPGDILLINSTGNLIAPRGYFKIRSGKSSIMRSDAPIGECKSECITPNGSIPNDKPFQNVNRITYGACPRYVKQSTLKLATGMRNVPEKQARGIFGAIAGFIENGWEGMVDGWYGFRHQNSEGRGQAADLKSTQAAIDQINGKLNRLIGKTNEKFHQIEKEFSEVEGRVQDLEKYVEDTKIDLWSYNAELLVALENQHTIDLTDSEMNKLFEKTKKQLRENAEDMGNGCFKIYHKCDNACIGSIRNETYDHNVYRDEALNNRFQIKGVELKSGYKDWILWISFAMSCFLLCIALLGFIMWACQKGNIRCNICI,CAAAACATACCTGGAAATGACAATAGCACGGCAACGCTGTGCCTTGGGCACCATGCAGTACCAAACGGAACGATAGTGAAAACAATCACAAATGACCGAATTGAAGTTACTAATGCTACTGAGTTGGTTCAGAATTCATCAATAGGTAAAATATGCAACAGTCCTCATCAGATCCTTGATGGAAGGAACTGCACACTAATAGATGCTCTATTGGGGGACCCTCAGTGTGACGGCTTTCAGAATAAGGAGTGGGACCTTTTTGTTGAACGAAGCAGAGCCAACAGCAGCTGTTACCCTTATGATGTGCCGGATTATGCCTCCCTTAGGTCACTAGTTGCCTCATCCGGAACACTGGAGTTTAAAGATGAAAGCTTCAATTGGACCGGAGTCAAACAAAACGGGAAAAGTTCTGCGTGCAAAAGGGGATCTAATAGTAGTTTTTTTAGTAGATTAAATTGGTTGACCAGCTTAGACAACAAATATCCAGCACAGAACGTGACTATGCCAAACAAGGAACGATTTGACAAATTGTACATTTGGGGGGTTCATCATCCGGACACGGACAGGAACCAATTCTCCCTGTTTGCTCAATCATCAGGAAGAATCACAGTATCTACCAAAAGAAGCCAACAAGCTGTAATCCCAAATATCGGATCTAGACCCAGAGTAAGGGATATCCCTAGCAGAATAAGCATCTATTGGACAATAGTAAAACCGGGAGACATACTTTTGATTAACAGCACAGGGAATCTAATTGCTCCTAGGGGTTACTTCAAAATACGAAGTGGAAAAAGCTCAATAATGAGATCAGACGCACCCATTGGCGAATGTAAGTCAGAATGCATCACTCCAAATGGAAGCATTCCCAATGACAAACCGTTCCAAAATGTAAACAGGATCACATACGGGGCCTGTCCCAGATACGTTAAGCAAAGCACCCTGAAATTGGCAACAGGAATGCGAAATGTACCTGAGAAACAAGCCAGAGGCATATTTGGTGCAATAGCGGGCTTCATAGAAAATGGATGGGAGGGAATGGTGGATGGTTGGTACGGTTTCAGGCATCAAAATTCTGAGGGAAGAGGACAAGCAGCAGATCTCAAAAGCACTCAAGCAGCAATCGATCAAATCAATGGGAAGCTGAATCGATTGATCGGAAAAACCAATGAGAAATTCCATCAGATTGAAAAAGAATTCTCAGAAGTAGAAGGAAGAGTTCAAGACCTTGAGAAATATGTTGAGGACACTAAAATAGATCTCTGGTCATACAACGCGGAGCTTCTTGTTGCCCTGGAGAACCAACATACGATTGACCTAACTGACTCAGAAATGAACAAGCTGTTTGAAAAAACAAAGAAACAACTGAGGGAAAATGCTGAGGATATGGGAAATGGTTGTTTCAAAATATACCACAAATGTGACAATGCCTGCATAGGATCAATAAGAAATGAAACTTATGACCACAATGTGTACAGGGATGAAGCATTAAACAACCGGTTCCAAATCAAGGGAGTTGAGCTGAAGTCAGGGTACAAAGATTGGATCCTATGGATTTCCTTTGCCATGTCATGTTTTTTGCTTTGTATTGCTTTGTTGGGGTTCATCATGTGGGCCTGCCAAAAGGGCAACATTAGGTGCAACATTTGCATT
A/Netherlands/53/2026,PZ477190,PZ477190,,QNIPGNDNSTATLCLGHHAVPNGTIVKTITNDRIEVTNATELVQNSSIGKICNSPHQILDGGNCTLIDALLGDPQCDGFQNKEWDLFVERSRANSSCYPYDVPDYASLRSLVASSGTLEFKDESFNWTGVKQNGKSSACKRGSNSSFFSRLNWLTSLDNKYPAQNVTMPNKERFDKLYIWGVHHPDTDRNQFSLFAQSSGRITVSTKRSQQAVIPNIGSRPRVRDIPSRISIYWTIVKPGDILLINSTGNLIAPRGYFKIRSGKSSIMRSDTPIGECKSECITPNGSIPNDKPFQNVNRITYGACPRYVKQSTLKLATGMRNVPEKQARGIFGAIAGFIENGWEGMVDGWYGFRHQNSEGRGQAADLKSTQAAIDQINGKLNRLIGKTNEKFHQIEKEFSEVEGRVQDLEKYVEDTKIDLWSYNAELLVALENQHTIDLTDSEMNKLFEKTKKQLRENAEDMGNGCFKIYHKCDNACIGSIRNETYDHNVYRDEALNNRFQIKGVELKSGYKDWILWISFAMSCFLLCIALLGFIMWACQKGNIRCNICI,CAAAACATACCTGGAAATGACAATAGCACGGCAACGCTGTGCCTTGGGCACCATGCAGTACCAAACGGAACGATAGTGAAAACAATCACAAATGACCGAATTGAAGTTACTAATGCTACTGAGTTGGTTCAGAATTCATCAATAGGTAAAATATGCAACAGTCCTCATCAGATCCTTGATGGAGGGAACTGCACACTAATAGATGCTCTATTGGGGGACCCTCAGTGTGACGGCTTTCAGAATAAGGAATGGGACCTTTTTGTTGAACGAAGCAGAGCCAACAGCAGCTGTTACCCTTATGATGTGCCGGATTATGCCTCCCTTAGATCACTAGTTGCCTCATCCGGAACACTGGAGTTTAAAGATGAAAGCTTCAATTGGACCGGAGTCAAACAAAACGGGAAAAGTTCTGCGTGCAAAAGGGGATCTAATAGTAGTTTTTTTAGTAGATTAAATTGGTTGACCAGCTTAGACAACAAATATCCAGCACAGAACGTGACTATGCCAAACAAGGAACGATTTGACAAATTGTACATTTGGGGGGTTCATCATCCGGACACGGACAGGAACCAATTCTCCCTGTTTGCTCAATCATCAGGAAGAATCACAGTATCTACCAAAAGAAGCCAACAAGCTGTAATCCCAAATATCGGATCTAGACCCAGAGTAAGGGATATCCCTAGCAGAATAAGCATCTATTGGACAATAGTGAAACCGGGAGACATACTTTTGATTAACAGCACAGGGAATCTAATTGCTCCTAGGGGTTACTTCAAAATACGAAGTGGAAAAAGCTCAATAATGAGATCAGACACACCCATTGGCGAATGTAAGTCAGAATGCATCACTCCAAATGGAAGCATTCCCAATGACAAACCGTTCCAAAATGTAAACAGGATCACATACGGGGCCTGTCCCAGATACGTTAAGCAAAGCACCCTGAAATTGGCAACAGGAATGCGAAATGTACCTGAGAAACAAGCCAGAGGCATATTTGGTGCAATAGCGGGCTTCATAGAAAATGGATGGGAGGGAATGGTGGATGGTTGGTACGGTTTCAGGCATCAAAATTCTGAGGGAAGAGGACAAGCAGCAGATCTCAAAAGCACTCAAGCAGCAATCGATCAAATCAATGGGAAGCTGAATCGATTGATCGGAAAAACCAATGAGAAATTCCATCAGATTGAAAAAGAATTCTCAGAAGTAGAAGGAAGAGTTCAAGACCTTGAGAAATATGTTGAGGACACTAAAATAGATCTCTGGTCATACAACGCGGAGCTTCTTGTTGCCCTGGAGAACCAACATACGATTGACCTAACTGACTCAGAAATGAACAAGCTGTTTGAAAAAACAAAGAAACAACTGAGGGAAAATGCTGAGGATATGGGAAATGGTTGTTTCAAAATATACCACAAATGTGACAATGCCTGCATAGGATCAATAAGAAATGAAACTTATGACCACAATGTGTACAGGGATGAAGCATTAAACAACCGGTTCCAAATCAAGGGAGTTGAGCTGAAGTCAGGGTACAAAGATTGGATCCTATGGATTTCCTTTGCCATGTCATGTTTTTTGCTTTGTATTGCTTTGTTGGGGTTCATCATGTGGGCCTGCCAAAAGGGCAACATTAGGTGCAACATTTGCATT
A/BritishColumbia/RV00279-26/2025,PX751065_N63S,PX751065_N63S,,QNIPGNDNSTATLCLGHHAVPNGTIVKTITNDRIEVTNATELVQNSSIGKICNSPHQILDGGSCTLIDALLGDPQCDGFQNKEWDLFVERSRANSSCYPYDVPDYASLRSLVASSGTLEFKDESFNWTGVKQNGKSSACKRGSNSSFFSRLNWLTSLDNKYPAQNVTMPNKERFDKLYIWGVHHPDTDRNQFSLFAQSSGRITVSTKRSQQAVIPNIGSRPRVRDIPSRISIYWTIVKPGDILLINSTGNLIAPRGYFKIRSGKSSIMRSDAPIGECKSECITPNGSIPNDKPFQNVNRITYGACPRYVKQSTLKLATGMRNVPEKQARGIFGAIAGFIENGWEGMVDGWYGFRHQNSEGRGQAADLKSTQAAIDQINGKLNRLIGKTNEKFHQIEKEFSEVEGRVQDLEKYVEDTKIDLWSYNAELLVALENQHTIDLTDSEMNKLFEKTKKQLRENAEDMGNGCFKIYHKCDNACIGSIRNETYDHNVYRDEALNNRFQIKGVELKSGYKDWILWISFAMSCFLLCIALLGFIMWACQKGNIRCNICI,CAAAACATACCTGGAAATGACAATAGCACGGCAACGCTGTGCCTTGGGCACCATGCAGTACCAAACGGAACGATAGTGAAAACAATCACAAATGACCGAATTGAAGTTACTAATGCTACTGAGTTGGTTCAGAATTCATCAATAGGTAAAATATGCAACAGTCCTCATCAGATCCTTGATGGAGGGAGCTGCACACTAATAGATGCTCTATTGGGGGACCCTCAGTGTGACGGCTTTCAGAATAAGGAATGGGACCTTTTTGTTGAACGAAGCAGAGCCAACAGCAGCTGTTACCCTTATGATGTGCCGGATTATGCCTCCCTTAGGTCACTAGTTGCCTCATCCGGAACACTGGAGTTTAAAGATGAAAGCTTCAATTGGACCGGAGTCAAACAAAACGGGAAAAGTTCTGCGTGCAAAAGGGGATCTAATAGTAGTTTTTTTAGTAGATTAAATTGGTTGACCAGCTTAGACAACAAATATCCAGCACAGAACGTGACTATGCCAAACAAGGAACGATTTGACAAATTGTACATTTGGGGGGTTCATCATCCGGACACGGACAGGAACCAATTCTCCCTGTTTGCTCAATCATCAGGAAGAATCACAGTATCTACCAAAAGAAGCCAACAAGCTGTAATCCCAAATATCGGATCTAGACCCAGAGTAAGGGATATCCCTAGCAGAATAAGCATCTATTGGACAATAGTAAAACCGGGAGACATACTTTTGATTAACAGCACAGGGAATCTAATTGCTCCTAGGGGTTACTTCAAAATACGAAGTGGAAAAAGCTCAATAATGAGATCAGACGCACCCATTGGCGAATGTAAGTCAGAATGCATCACTCCAAATGGAAGCATTCCCAATGACAAACCGTTCCAAAATGTAAACAGGATCACATACGGGGCCTGTCCCAGATACGTTAAGCAAAGCACCCTGAAATTGGCAACAGGAATGCGAAATGTACCTGAGAAACAAGCCAGAGGCATATTTGGTGCAATAGCGGGCTTCATAGAAAATGGATGGGAGGGAATGGTGGATGGTTGGTACGGTTTCAGGCATCAAAATTCTGAGGGAAGAGGACAAGCAGCAGATCTCAAAAGCACTCAAGCAGCAATCGATCAAATCAATGGGAAGCTGAATCGATTGATCGGAAAAACCAATGAGAAATTCCATCAGATTGAAAAAGAATTCTCAGAAGTAGAAGGAAGAGTTCAAGACCTTGAGAAATATGTTGAGGACACTAAAATAGATCTCTGGTCATACAACGCGGAGCTTCTTGTTGCCCTGGAGAACCAACATACGATTGACCTAACTGACTCAGAAATGAACAAGCTGTTTGAAAAAACAAAGAAACAACTGAGGGAAAATGCTGAGGATATGGGAAATGGTTGTTTCAAAATATACCACAAATGTGACAATGCCTGCATAGGATCAATAAGAAATGAAACTTATGACCACAATGTGTACAGGGATGAAGCATTAAACAACCGGTTTCAAATCAAGGGAGTTGAGCTGAAGTCAGGGTACAAAGATTGGATCCTATGGATTTCCTTTGCCATGTCATGTTTTTTGCTTTGTATTGCTTTGTTGGGGTTCATCATGTGGGCCTGCCAAAAAGGCAACATTAGGTGCAACATTTGCATT
A/Ireland/91576/2025,PZ019860,PZ019860,,QNIPGNDNSTATLCLGHHAVPNGTIVKTITNDRIEVTNATELVQNSSIGKICNSPHQILDGGNCTLIDALLGDPQCDGIQNKEWDLFVERSRANSSCYPYDVPDYASLRSLVASSGTLEFKDESFNWTGVKQNGKSSACKRGSNSSFFSRLNWLTSLDNKYPAQNVTMPNKERFDKLYIWGVHHPDTDRNQFSLFAQSSGRITVSTQRSQQAVIPNIGSRPRVRDIPSRISIYWTIVKPGDILLINSTGNLIAPRGYFKIRSGKSSIMRSDAPIGECKSECITPNGSIPNDKPFQNVNRITYGACPRYVKQSTLKLATGMRNVPEKQARGIFGAIAGFIENGWEGMVDGWYGFRHQNSEGRGQAADLKSTQAAIDQINGKLNRLIGKTNEKFHQIEKEFSEVEGRVQDLEKYVEDTKIDLWSYNAELLVALENQHTIDLTDSEMNKLFEKTKKQLRENAEDMGNGCFKIYHKCDNACIGSIRNETYDHNVYRDEALNNRFQIKGVELKSGYKDWILWISFAMSCFLLCIALLGFIMWACQKGNIRCNICI,CAAAACATACCTGGAAATGACAATAGCACGGCAACGCTGTGCCTTGGGCACCATGCAGTACCAAACGGAACAATAGTGAAAACAATCACAAATGACCGAATTGAAGTTACTAATGCTACTGAGTTGGTTCAGAATTCATCAATAGGTAAAATATGCAACAGTCCTCATCAGATCCTTGATGGAGGGAACTGCACACTGATAGATGCTCTATTGGGGGACCCTCAGTGTGACGGCATTCAGAATAAGGAATGGGACCTTTTTGTTGAACGAAGCAGAGCCAACAGCAGCTGTTACCCTTATGATGTGCCGGATTATGCCTCCCTTAGGTCACTAGTTGCCTCATCCGGAACACTGGAGTTTAAAGATGAAAGCTTCAATTGGACCGGAGTCAAACAAAACGGGAAAAGTTCTGCGTGCAAAAGGGGATCTAATAGTAGTTTTTTTAGTAGATTAAATTGGTTGACCAGCTTAGACAACAAATATCCAGCACAGAACGTGACTATGCCCAACAAGGAACGATTTGACAAATTGTACATTTGGGGGGTTCATCATCCGGACACGGACAGGAACCAATTCTCCCTGTTTGCTCAATCATCAGGAAGAATCACAGTATCTACCCAAAGAAGCCAACAAGCTGTAATCCCAAATATCGGATCTAGACCCAGAGTAAGGGATATCCCTAGCAGAATAAGCATCTATTGGACAATAGTAAAACCGGGAGACATACTTTTGATTAACAGCACAGGGAATCTAATTGCTCCTAGGGGTTACTTCAAAATACGAAGTGGAAAAAGCTCAATAATGAGATCAGACGCACCCATTGGCGAATGTAAGTCAGAATGCATCACTCCAAATGGAAGCATTCCCAATGACAAACCGTTCCAAAATGTAAACAGGATCACATACGGGGCCTGTCCCAGATACGTTAAGCAAAGCACTCTGAAATTGGCAACAGGAATGCGAAATGTACCTGAGAAACAAGCCAGAGGCATATTTGGTGCAATAGCGGGCTTCATAGAAAATGGATGGGAGGGAATGGTGGATGGTTGGTACGGTTTCAGGCATCAAAATTCTGAGGGAAGAGGACAAGCAGCAGATCTCAAAAGCACTCAAGCAGCAATCGATCAAATCAATGGGAAGCTGAATCGATTGATCGGAAAAACCAATGAGAAATTCCATCAGATTGAAAAAGAATTCTCAGAAGTAGAAGGAAGAGTTCAAGACCTTGAGAAATATGTTGAGGACACTAAAATAGATCTCTGGTCATACAACGCGGAGCTTCTTGTTGCCCTGGAGAACCAACATACGATTGACCTAACTGACTCAGAAATGAACAAGCTGTTTGAAAAAACAAAGAAACAACTGAGGGAAAATGCTGAGGATATGGGAAATGGTTGTTTCAAAATATACCACAAATGTGACAATGCCTGCATAGGATCAATAAGAAATGAAACTTATGACCACAATGTGTACAGGGATGAAGCATTAAACAACCGGTTCCAAATCAAGGGAGTTGAGCTGAAGTCAGGGTACAAAGATTGGATCCTATGGATTTCCTTTGCCATGTCATGTTTTTTGCTTTGTATTGCTTTGTTGGGGTTCATCATGTGGGCCTGCCAAAAGGGCAACATTAGGTGCAACATTTGCATT
A/StPetersburg/RII-25-2116S/2025,PZ001144,PZ001144,,QNIPGNDNSTATLCLGHHAVPNGTIVKTITNDRIEVTNATELVQNSSIGKICNSPHQILDGGNCTLIDALLGDPQCDGFKNKEWDLFVERSRANSSCYPYDVPDYASLRSLVASSGTLEFKDESFNWTGVKQNGKSSACKRGSNSSFFSRLNWLTSLDNKYPAQNVTMPNKERFDKLYIWGVHHPDTDRNQFSLFAQSSGRITVSTKRSQQAVIPNIGSRPRVRDIPSRISIYWTIVKPGDILLINSTGNLIAPRGYFKIRSGKSSIMRSDAPIGECKSECITPNGSIPNDKPFQNVNRITYGACPRYVKQSTLKLATGMRNVPEKQARGIFGAIAGFIENGWEGMVDGWYGFRHQNSEGRGQAADLKSTQAAIDQINGKLNRLIGKTNEKFHQIEKEFSEVEGRIQDLEKYVEDTKIDLWSYNAELLVALENQHTIDLTDSEMNKLFEKTKKQLRENAEDMGNGCFKIYHKCDNACIGSIRNETYDHNVYRDEALNNRFQIKGVELKSGYKDWILWISFAMSCFLLCIALLGFIMWACQKGNIRCNICI,CAAAACATACCTGGAAATGACAATAGCACGGCAACGCTGTGCCTTGGGCACCATGCAGTACCAAACGGAACGATAGTGAAAACAATCACAAATGACCGAATTGAAGTTACTAATGCCACTGAGTTGGTTCAGAATTCATCAATAGGTAAAATATGCAACAGTCCTCATCAGATCCTTGATGGAGGGAACTGCACACTAATAGATGCTCTATTGGGGGACCCTCAGTGTGACGGCTTTAAGAATAAGGAATGGGACCTTTTTGTTGAACGAAGCAGAGCCAACAGCAGCTGTTACCCTTATGATGTGCCGGATTATGCCTCCCTTAGGTCACTAGTTGCCTCATCCGGAACACTGGAGTTTAAAGATGAAAGCTTCAATTGGACCGGAGTCAAACAAAACGGGAAAAGTTCTGCGTGCAAAAGGGGATCTAATAGTAGTTTTTTTAGTAGATTAAATTGGTTGACCAGCTTAGACAACAAATATCCAGCACAGAACGTGACTATGCCAAACAAGGAACGATTTGACAAATTGTACATTTGGGGGGTTCATCATCCGGACACGGACAGGAACCAATTCTCCCTGTTTGCTCAATCATCAGGAAGAATCACAGTATCTACCAAAAGAAGCCAACAAGCTGTAATCCCAAATATCGGATCTAGACCCAGAGTAAGGGATATCCCTAGCAGAATAAGCATCTATTGGACAATAGTAAAACCGGGAGACATACTTTTGATTAACAGCACAGGGAATCTAATTGCTCCTAGGGGTTACTTCAAAATACGAAGTGGAAAAAGCTCAATAATGAGATCAGACGCACCCATTGGCGAATGTAAGTCAGAATGCATCACTCCAAATGGAAGCATTCCCAATGACAAACCGTTCCAAAATGTAAACAGGATCACATACGGGGCCTGTCCCAGATACGTTAAGCAAAGCACCCTGAAATTGGCAACAGGAATGCGAAATGTACCTGAGAAACAAGCCAGAGGCATATTTGGTGCAATAGCGGGCTTCATAGAAAATGGATGGGAGGGAATGGTGGATGGTTGGTACGGTTTCAGGCATCAAAATTCTGAGGGAAGAGGACAAGCAGCAGATCTCAAAAGCACTCAAGCAGCAATCGATCAAATCAATGGGAAGCTGAATCGATTGATCGGAAAAACCAATGAGAAATTCCATCAGATTGAAAAAGAATTCTCAGAAGTAGAAGGAAGAATTCAAGACCTTGAGAAATATGTTGAGGACACTAAAATAGATCTCTGGTCATACAACGCGGAGCTTCTTGTTGCCCTGGAGAACCAACATACGATTGACCTAACTGACTCAGAAATGAACAAGCTGTTTGAAAAAACAAAGAAACAACTGAGGGAAAATGCTGAGGATATGGGAAATGGTTGTTTCAAAATATACCACAAATGTGACAATGCCTGCATAGGATCAATAAGAAATGAAACTTATGACCACAATGTGTACAGGGATGAAGCATTAAACAACCGGTTCCAAATCAAGGGAGTTGAGCTGAAGTCAGGGTACAAAGATTGGATCCTATGGATTTCCTTTGCCATGTCATGTTTTTTGCTTTGTATTGCTTTGTTGGGGTTCATCATGTGGGCCTGCCAAAAGGGCAACATTAGGTGCAACATTTGCATT
A/Saskatchewan/SKFLU477299/2025,PZ464968_K189R,PZ464968_K189R,,QNIPGNDNSTATLCLGHHAVPNGTIVKTITNDRIEVTNATELVQNSSIGKICNSPHQILDGGNCTLIDALLGDPQCDGFQNKEWDLFVERSRANSSCYPYDVPDYASLRSLVASSGTLEFKDESFNWTGVKQNGKSSACKRGSDSSFFSRLNWLTSLDNKYPAQNVTMPNKERFDKLYIWGVHHPDTDRNQFSLFAQSSGRITVSTKRSQQAVIPNIGSRPRVRDIPSRISIYWTIVKPGDILLINSTGNLIAPRGYFKIRSGKSSIMRSDAPIGECESECITPNGSIPNDKPFQNVNRITYGACPRYVKQSTLKLATGMRNVPEKQARGIFGAIAGFIENGWEGMVDGWYGFRHQNSEGRGQAADLKSTQAAIDQINGKLNRLIGKTNEKFHQIEKEFSEVEGRVQDLEKYVEDTKIDLWSYNAELLVALENQHTIDLTDSEMNKLFEKTKKQLRENAEDMGNGCFKIYHKCDNACIGSIRNETYDHNVYRDEALNNRFQIKGVELKSGYKDWILWISFAMSCFLLCIALLGFIMWACQKGNIRCNICI,CAAAACATACCTGGAAATGACAATAGCACGGCAACGCTGTGCCTTGGGCACCATGCAGTACCAAACGGAACGATAGTGAAAACAATCACAAATGACCGAATTGAAGTTACTAATGCTACTGAGTTGGTTCAGAATTCATCAATAGGTAAAATATGCAACAGTCCTCATCAGATCCTTGATGGAGGGAACTGCACACTAATAGATGCTCTATTGGGGGACCCTCAGTGTGACGGCTTTCAGAATAAGGAATGGGACCTTTTTGTTGAACGAAGCAGAGCCAACAGCAGCTGTTACCCTTATGATGTGCCGGATTATGCCTCCCTTAGGTCACTAGTTGCCTCATCCGGAACACTGGAGTTTAAAGATGAAAGCTTCAATTGGACCGGAGTCAAACAAAACGGGAAAAGTTCTGCGTGCAAAAGGGGATCTGATAGTAGTTTTTTTAGTAGATTAAATTGGTTGACCAGCTTAGACAACAAATATCCAGCACAGAACGTGACTATGCCAAACAAGGAACGATTTGACAAATTGTACATTTGGGGGGTTCATCATCCGGACACGGACCGCAACCAATTCTCCCTGTTTGCTCAATCATCAGGAAGAATCACAGTATCTACCAAAAGAAGCCAACAAGCTGTAATCCCAAATATCGGATCTAGACCCAGAGTAAGGGATATCCCTAGCAGAATAAGCATCTATTGGACAATAGTAAAACCGGGAGACATACTTTTGATTAACAGCACAGGGAATCTAATTGCTCCTAGGGGTTACTTCAAAATACGAAGTGGAAAAAGCTCAATAATGAGATCAGACGCACCCATTGGCGAATGTGAGTCAGAATGCATCACTCCAAATGGAAGCATTCCCAATGACAAACCGTTCCAAAATGTAAACAGGATCACATACGGGGCCTGTCCCAGATACGTTAAGCAAAGCACCCTGAAATTGGCAACAGGAATGCGAAATGTACCTGAGAAACAAGCCAGAGGCATATTTGGTGCAATAGCGGGCTTCATAGAAAATGGATGGGAGGGAATGGTGGATGGTTGGTACGGTTTCAGGCATCAAAATTCTGAGGGAAGAGGACAAGCAGCAGATCTCAAAAGCACTCAAGCAGCAATCGATCAAATCAATGGGAAGCTGAATCGATTGATCGGAAAAACCAATGAGAAATTCCATCAGATTGAAAAAGAATTCTCAGAAGTAGAAGGAAGAGTTCAAGACCTTGAGAAATATGTTGAGGACACTAAAATAGATCTCTGGTCATACAACGCGGAGCTTCTTGTTGCCCTGGAGAACCAACATACGATTGACCTAACTGACTCAGAAATGAACAAGCTGTTTGAAAAAACAAAGAAACAACTGAGGGAAAATGCTGAGGATATGGGAAATGGTTGTTTCAAAATATACCACAAATGTGACAATGCCTGCATAGGATCAATAAGAAATGAAACTTATGACCACAATGTGTACAGGGATGAAGCATTAAACAACCGGTTCCAAATCAAGGGAGTTGAGCTGAAGTCAGGGTACAAAGATTGGATCCTATGGATTTCCTTTGCCATGTCATGTTTTTTGCTTTGTATTGCTTTGTTGGGGTTCATCATGTGGGCCTGCCAAAAGGGCAACATTAGGTGCAACATTTGCATT
A/Trieste/380/2026,PX917021_S145N,PX917021_S145N,,QNIPGNDNSTATLCLGHHAVPNGTIVKTITNDRIEVTNATELVQNSSIGKICNSPHQILDGGNCTLIDALLGDPQCDGFQNKEWDLFVERSRANSSCYPYDVPDYASLRSLVASSGTLEFKDESFNWTGVKQNGKSSACKRESNNSFFSRLNWLTSLDNKYPAQNVTMPNKERFDKLYIWGVHHPDTDRNQFSLFAQSSGRITVSTKRSQQAVIPNIGSRPRVRDIPSRISIYWTIVKPGDILLINSTGNLIAPRGYFKIRSGKSSIMRSDAPIGECKSECITPNGSIPNDKPFQNVNRITYGACPRYVKQSTLKLATGMRNVPEKQARGIFGAIAGFIENGWEGMVDGWYGFRHQNSEGRGQAADLKSTQAAIDQINGKLNRLIGKTNEKFHQIEKEFSEVEGRVQDLEKYVEDTKIDLWSYNAELLVALENQHTIDLTDSEMNKLFEKTKKQLRENAEDMGNGCFKIYHKCDNACIGSIRNETYDHNVYRDEALNNRFQIKGVELKSGYKDWILWISFAMSCFLLCIALLGFIMWACQKGNIRCNICI,CAAAACATACCTGGAAATGACAATAGCACGGCAACGCTGTGCCTTGGGCACCATGCAGTACCAAACGGAACGATAGTGAAAACAATCACAAATGACCGAATTGAAGTTACTAATGCTACTGAGTTGGTTCAGAATTCATCAATAGGTAAAATATGCAACAGTCCTCATCAGATCCTTGATGGAGGGAACTGCACACTAATAGATGCTCTATTGGGGGACCCTCAGTGTGACGGCTTTCAGAATAAGGAATGGGACCTTTTTGTTGAACGAAGCAGAGCCAACAGCAGCTGTTACCCTTATGATGTGCCGGATTATGCCTCCCTTAGGTCACTAGTTGCCTCATCCGGAACACTGGAGTTTAAAGATGAAAGCTTCAATTGGACCGGAGTCAAACAAAACGGGAAAAGTTCTGCGTGCAAAAGGGAATCTAATAACAGTTTTTTTAGTAGATTAAATTGGTTGACCAGCTTAGACAACAAATATCCAGCACAGAACGTGACTATGCCAAACAAGGAACGATTTGACAAATTGTACATTTGGGGGGTTCATCATCCGGACACGGACAGGAACCAATTCTCCCTGTTTGCTCAATCATCAGGAAGAATCACAGTATCTACCAAAAGAAGCCAACAAGCTGTAATCCCAAATATCGGATCTAGACCCAGAGTAAGGGATATCCCTAGCAGAATAAGCATCTATTGGACAATAGTAAAACCGGGAGACATACTTTTGATTAACAGCACAGGGAATCTAATTGCTCCTAGGGGTTACTTCAAAATACGAAGTGGAAAAAGCTCAATAATGAGATCAGACGCACCCATTGGCGAATGTAAGTCAGAATGCATCACTCCAAATGGAAGCATTCCCAATGACAAACCGTTCCAAAATGTAAACAGGATCACATACGGGGCCTGTCCCAGATACGTTAAGCAAAGCACCCTGAAATTGGCAACAGGAATGCGAAATGTACCTGAGAAACAAGCCAGAGGCATATTTGGTGCAATAGCGGGCTTCATAGAAAATGGATGGGAGGGAATGGTGGATGGTTGGTACGGTTTCAGGCATCAAAATTCTGAGGGAAGAGGACAAGCAGCAGATCTCAAAAGCACTCAAGCAGCAATCGATCAAATCAATGGGAAGCTGAATCGATTGATCGGAAAAACCAATGAGAAATTCCATCAGATTGAAAAAGAATTCTCAGAAGTAGAAGGAAGAGTTCAAGACCTTGAGAAATATGTTGAGGACACTAAAATAGATCTCTGGTCATACAACGCGGAGCTTCTTGTTGCCCTGGAGAACCAACATACGATTGACCTAACTGACTCAGAAATGAACAAGCTGTTTGAAAAAACAAAGAAACAACTGAGGGAAAATGCTGAGGATATGGGAAACGGTTGTTTCAAAATATATCACAAATGTGACAATGCCTGCATAGGATCAATAAGAAATGAAACTTATGACCACAATGTGTACAGGGATGAAGCATTAAACAACCGGTTCCAAATCAAGGGAGTTGAGCTGAAGTCAGGGTACAAAGATTGGATCCTATGGATTTCCTTTGCCATGTCATGTTTTTTGCTTTGTATTGCTTTGTTGGGGTTCATCATGTGGGCCTGCCAAAAGGGCAACATTAGGTGCAACATTTGCATT
A/RiodeJaneiro/331/2026,PX840462,PX840462,,QKIPGNDNSTATLCLGHHAVPNGTIVKTITNDRIEVTNATELVQNSSIGKICNNPHQILDGGNCTLIDALLGDPQCDGFQNKEWDLFVERSRANSSCYPYDVPDYASLRSLVASSGTLEFKDESFNWTGVKQDGTSSACKRGSSNSFFSRLNWLTSLKNIYPAQNVTMPNKEQFDKLYIWGVHHPDTDRNQFSLFAQSSGRITVSTKRSQQAVIPNIGSRPRVRDIPSRISIYWTIVKPGDILLINSTGNLIAPRGYFKIRSGKSSIMRSDAPIGECKSECITPNGSIPNDKPFQNVNRITYGACPRYVKQSTLKLATGMRNVPEKQTRGIFGAIAGFIENGWEGMVDGWYGFRHQNSEGRGQAADLKSTQAAIDQINGKLNRLIGKTNEKFHQIEKEFSEVEGRVQDLEKYVEDTKIDLWSYNAELLVALENQHTIDLTDSEMNKLFEKTKKQLRENAEDMGNGCFKIYHKCDNACIGSIRNETYDHNVYRDEALNNRFQIKGVELKSGYKDWILWISFAMSCFLLCIALLGFIMWACQKGNIRCNICI,CAAAAAATACCTGGAAATGACAATAGCACGGCAACGCTGTGCCTTGGGCACCATGCAGTACCAAACGGAACGATAGTGAAAACAATCACAAATGACCGAATTGAAGTTACTAATGCTACTGAGTTGGTTCAGAATTCATCAATAGGTAAAATATGCAACAACCCTCATCAGATCCTTGATGGAGGGAACTGCACACTAATAGATGCTCTATTGGGGGACCCTCAGTGTGACGGCTTTCAGAATAAGGAATGGGACCTTTTTGTTGAACGAAGCAGAGCCAACAGCAGCTGTTACCCTTATGATGTGCCGGATTATGCCTCCCTTAGGTCACTAGTTGCCTCATCCGGAACACTGGAGTTTAAAGATGAAAGCTTCAATTGGACTGGAGTCAAACAAGACGGAACAAGTTCTGCGTGCAAAAGGGGATCTAGTAATAGTTTTTTTAGTAGATTAAATTGGTTGACCAGCTTAAAGAACATATATCCAGCACAGAACGTGACTATGCCAAACAAGGAACAATTTGACAAATTGTACATTTGGGGGGTTCATCATCCGGATACGGACAGGAACCAATTCTCCCTGTTTGCTCAATCATCAGGAAGAATCACAGTATCTACCAAAAGAAGCCAACAAGCTGTAATCCCAAATATCGGATCTAGACCCAGAGTAAGGGATATCCCTAGCAGAATAAGCATCTATTGGACAATAGTAAAACCGGGAGACATACTTTTGATTAACAGCACAGGGAATCTAATTGCTCCTAGGGGTTACTTCAAAATACGAAGTGGGAAAAGCTCAATAATGAGATCAGACGCACCCATTGGCGAATGTAAGTCTGAATGCATCACTCCAAATGGAAGCATTCCCAATGACAAACCGTTCCAAAATGTAAACAGGATCACATACGGGGCCTGTCCCAGATACGTTAAGCAAAGCACCCTGAAATTGGCAACAGGAATGCGAAATGTACCTGAGAAACAAACCAGAGGCATATTTGGTGCAATAGCGGGTTTCATAGAAAATGGATGGGAGGGAATGGTGGATGGTTGGTACGGTTTCAGGCATCAAAATTCTGAGGGAAGAGGACAAGCAGCAGATCTCAAAAGCACTCAAGCAGCAATCGATCAAATCAATGGGAAGCTGAATCGATTGATCGGAAAAACCAACGAGAAATTCCATCAGATTGAAAAAGAATTCTCAGAAGTAGAAGGAAGAGTTCAAGACCTTGAGAAATATGTTGAGGACACTAAAATAGATCTCTGGTCATACAACGCGGAGCTTCTTGTTGCCCTGGAGAACCAACATACGATTGACCTAACTGACTCAGAAATGAACAAGCTGTTTGAAAAAACAAAGAAGCAACTGAGGGAAAATGCTGAGGATATGGGAAATGGTTGTTTCAAAATATACCACAAATGTGACAATGCCTGCATAGGATCAATAAGAAATGAAACTTATGACCACAATGTGTACAGGGATGAAGCATTAAACAACCGGTTCCAGATCAAGGGAGTTGAGCTGAAGTCAGGGTACAAAGATTGGATCCTATGGATTTCCTTTGCCATGTCATGTTTTTTGCTTTGCATTGCTTTGTTGGGGTTCATCATGTGGGCCTGCCAAAAGGGCAACATCAGATGCAACATTTGCATT
A/Navarra/260009/2025,PZ174617,PZ174617,,QNIPGNDNSTATLCLGHHAVPNGTIVKTITNDRIEVTNATELVQNSSIGKICNSPHQILDGGNCTLIDALLGDPQCDGFQNKEWDLFVERSRANSSCYPYDVPDYASLRSLVASSGTLEFKDESFNWTGVKQNGKSSACKRGSNSSFFSRLNWLTSLDNKYPAQNVTMPNKERFDKLYIWGVHHPDTDRNQFSLFAQSSGRITVSTKRSQQAVIPNIGSRPRVRDIPSRISIYWTIVKSGDILLINSTGNLIAPRGYFKIRSGKSSIMRSDVPIGECKSECITPNGSIPNDKPFQNVNRITYGACPRYVKQSTLKLATGMRNVPEKQARGIFGAIAGFIENGWEGMVDGWYGFRHQNSEGRGQAADLKSTQAAIDQINGKLNRLIGKTNEKFHQIEKEFSEVEGRVQDLEKYVEDTKIDLWSYNAELLVALENQHTIDLTDSEMNKLFEKTKKQLRENAEDMGNGCFKIYHKCDNACIGSIRNETYDHNVYRDEALNNRFQLKGVELKSGYKDWILWISFAMSCFLLCIALLGFIMWACQKGNIRCNICI,CAAAACATACCTGGAAATGACAATAGCACGGCAACGCTGTGCCTTGGGCACCATGCAGTACCAAACGGAACGATAGTGAAAACAATCACAAATGACCGAATTGAAGTTACTAATGCTACTGAGTTGGTTCAGAATTCATCAATAGGTAAAATATGCAACAGTCCTCATCAGATTCTTGATGGAGGGAACTGCACACTAATAGATGCTCTATTGGGGGACCCTCAGTGTGACGGCTTTCAGAATAAGGAATGGGACCTTTTTGTTGAACGAAGCAGAGCCAACAGCAGCTGTTACCCTTATGATGTGCCGGATTATGCCTCCCTTAGGTCACTAGTTGCCTCATCCGGAACACTGGAGTTTAAAGATGAAAGCTTCAATTGGACCGGAGTCAAACAAAACGGGAAAAGTTCTGCGTGCAAAAGGGGATCTAATAGTAGTTTTTTTAGTAGATTAAATTGGTTGACCAGCTTAGACAACAAATATCCAGCACAGAACGTGACTATGCCAAACAAGGAACGATTTGACAAATTGTACATTTGGGGGGTTCATCATCCGGACACGGACAGGAACCAATTCTCCCTGTTTGCTCAATCATCAGGAAGAATCACAGTATCTACCAAAAGAAGCCAACAAGCTGTAATCCCAAATATCGGATCTAGACCCAGAGTAAGGGATATCCCTAGCAGAATAAGCATCTATTGGACAATAGTAAAATCGGGAGACATACTTTTGATTAACAGCACAGGGAATCTAATTGCTCCTAGGGGTTACTTCAAAATACGAAGTGGAAAAAGCTCAATAATGAGATCAGACGTACCCATTGGCGAATGTAAGTCAGAATGCATCACTCCAAATGGAAGCATTCCCAATGACAAACCGTTCCAAAATGTAAACAGGATCACATACGGGGCCTGTCCCAGATACGTTAAGCAAAGCACCCTGAAATTGGCAACAGGAATGCGAAATGTACCTGAGAAACAAGCCAGAGGCATATTTGGTGCAATAGCGGGCTTCATAGAAAATGGATGGGAGGGAATGGTGGATGGTTGGTACGGTTTCAGGCATCAAAATTCTGAGGGAAGAGGACAAGCAGCAGATCTCAAAAGCACTCAAGCAGCAATCGATCAAATCAATGGGAAGCTGAATCGATTGATCGGAAAAACCAATGAGAAATTCCATCAGATTGAAAAAGAATTCTCAGAAGTAGAAGGAAGAGTTCAAGACCTTGAGAAATATGTTGAGGACACTAAAATAGATCTCTGGTCATACAACGCGGAGCTTCTTGTTGCCCTGGAGAACCAACATACGATTGACCTAACTGACTCAGAAATGAACAAGCTGTTTGAAAAAACAAAGAAACAACTGAGGGAAAATGCTGAGGATATGGGAAATGGTTGTTTCAAAATATACCACAAATGTGACAATGCCTGCATAGGATCAATAAGAAATGAAACTTATGACCACAATGTGTACAGGGATGAAGCATTAAACAACCGGTTCCAACTCAAGGGAGTTGAGCTGAAGTCAGGGTACAAAGATTGGATCCTATGGATTTCCTTTGCCATGTCATGTTTTTTGCTTTGTATTGCTTTGTTGGGGTTCATCATGTGGGCCTGCCAAAAGGGCAACATTAGGTGCAACATTTGCATT
A/Bolivia/OR5702/2025,PX842198,PX842198,,QKIPGNDNSTATLCLGHHAVPNGTIVKTITNDRIEVTNATELVQNSSIGKICNNPHQILDGGNCTLIDALLGDPQCDSFQNKEWDLFVERSRANSSCYPYDVPDYASLRSLVASSGTLEFKDESFNWTGVKQNGTSSACKRGSSNSFFSRLNWLTSLKNIYPAQNVTMPNKEQFDKLYIWGVHHPDTDRNQFSLFAQSSGRITVSTKRSQQAVIPHIGSRPRVRDIPSRISIYWTIVKPGDILLINSTGNLIAPRGYFKIRSGKSSIMRSDAPIGECKSECITPNGSIPNDKPFQNVNRITYGACPRYVKQSTLKLATGMRNVPEKQTRGIFGAIAGFIENGWEGMVDGWYGFRHQNSEGRGQAADLKSTQAAIDQINGKLNRLIGKTNEKFHQIEKEFSEVEGRVQDLEKYVEDTKIDLWSYNAELLVALENQHTIDLTDSEMNKLFEKTKKQLRENAEDMGNGCFKIYHKCDNACIGSIRNETYDHNVYRDEALNNRFQIKGVELKSGYKDWILWISFAMSCFLLCIALLGFIMWACQKGNIRCNICI,CAAAAAATACCTGGAAATGACAATAGCACGGCAACGCTGTGCCTTGGGCACCATGCAGTACCAAACGGAACGATAGTGAAAACAATCACAAATGACCGAATTGAAGTTACTAATGCTACTGAGTTGGTTCAGAATTCATCAATAGGTAAAATATGCAACAATCCTCATCAGATCCTTGATGGAGGGAACTGCACACTAATAGATGCTCTATTGGGGGACCCTCAGTGTGACAGCTTTCAGAATAAGGAATGGGACCTTTTTGTTGAACGAAGCAGAGCCAACAGCAGCTGTTACCCTTATGATGTGCCGGATTATGCCTCCCTTAGGTCACTAGTTGCCTCATCCGGAACACTGGAGTTTAAAGATGAAAGCTTCAATTGGACCGGAGTCAAACAAAACGGAACAAGTTCTGCGTGCAAAAGGGGATCTAGTAATAGTTTTTTTAGTAGATTAAATTGGTTGACCAGCTTAAAGAACATATATCCAGCACAGAACGTGACTATGCCAAACAAGGAACAATTTGACAAATTGTACATTTGGGGGGTTCATCATCCGGATACGGACAGGAACCAATTCTCCCTGTTTGCTCAATCATCAGGAAGAATCACAGTATCTACCAAAAGAAGCCAACAAGCTGTAATCCCACATATCGGATCTAGACCCAGAGTAAGGGATATCCCTAGCAGAATAAGCATCTATTGGACAATAGTAAAACCGGGAGACATACTTTTGATTAACAGCACAGGGAATCTAATTGCTCCTAGGGGTTACTTCAAAATACGAAGTGGGAAAAGCTCAATAATGAGATCAGACGCACCCATTGGCGAATGTAAGTCTGAATGCATCACTCCAAATGGAAGCATTCCCAATGACAAACCGTTCCAAAATGTAAACAGGATCACATACGGGGCCTGTCCCAGATACGTTAAGCAAAGCACCCTGAAATTGGCAACAGGAATGCGAAATGTACCTGAGAAACAAACCAGAGGCATATTTGGTGCAATAGCGGGTTTCATAGAAAATGGATGGGAGGGAATGGTGGATGGTTGGTACGGTTTCAGGCATCAAAATTCTGAGGGAAGAGGACAAGCAGCAGATCTCAAAAGCACTCAAGCAGCAATCGATCAAATCAATGGGAAGCTGAATCGATTGATCGGAAAAACCAACGAGAAATTCCATCAGATTGAAAAAGAATTCTCAGAAGTAGAAGGAAGAGTTCAAGACCTTGAGAAATATGTTGAGGACACTAAAATAGATCTCTGGTCATACAACGCGGAGCTTCTTGTTGCCCTGGAGAACCAACATACGATTGACCTAACTGACTCAGAAATGAACAAGCTGTTTGAAAAAACAAAGAAGCAACTGAGGGAAAATGCTGAGGATATGGGAAATGGTTGTTTCAAAATATACCACAAATGTGACAATGCCTGCATAGGATCAATAAGAAATGAAACTTATGACCACAATGTGTACAGGGATGAAGCATTAAACAACCGGTTCCAGATCAAGGGAGTTGAGTTGAAGTCAGGGTACAAAGATTGGATCCTATGGATTTCCTTTGCCATGTCATGTTTTTTGCTTTGCATTGCTTTGTTGGGGTTCATCATGTGGGCCTGCCAAAAGGGCAACATCAGATGCAACATTTGCATT
