Name,barcode
H1N1_1_A/ChiangRai/68/2020_bc3,gccgccacttgggagg
H1N1_2_A/Temuco/52766/2019_bc3,ccgatcctcatacgtt
H1N1_3_A/Madagasca/4987/2019_bc3,ataaacggtagcccct
H1N1_4_A/Denmark/327/2020_bc1,tatgccaacgtgcgtt
H1N1_4_A/Denmark/327/2020_bc2,cgagcccaaatcggac
H1N1_4_A/Denmark/327/2020_bc3,gagcggcccggcccta
H1N1_5_A/Zambia/7101/2022_bc1,agagcctcgcttacat
H1N1_5_A/Zambia/7101/2022_bc2,taagttacctcaattg
H1N1_5_A/Zambia/7101/2022_bc3,tgtaggttgtttattt
H1N1_6_A/Victoria/2609/2019_bc1,cagactgttcttctaa
H1N1_6_A/Victoria/2609/2019_bc2,agatatggggatgtga
H1N1_6_A/Victoria/2609/2019_bc3,gattatcggtctgaat
H1N1_7_A/Tennessee/25/2020_bc1,tctatataagcgtagc
H1N1_7_A/Tennessee/25/2020_bc2,attcggctcggtactt
H1N1_7_A/Tennessee/25/2020_bc3,cccccgctccgtcagt
H1N1_8_A/Brisbane/1127/2019_bc1,atttgttggcaggatg
H1N1_8_A/Brisbane/1127/2019_bc2,cgccgcctaccgcctg
H1N1_8_A/Brisbane/1127/2019_bc3,gccaaccagttacggc
H1N1_9_A/Florida/76/2019_bc1,caccagctcacagagt
H1N1_9_A/Florida/76/2019_bc2,gaggtacctattgtat
H1N1_9_A/Florida/76/2019_bc3,ctggcgagtagtgtgt
H1N1_10_A/India/Auranga/2021_bc1,ttgcctaagccgggtg
H1N1_10_A/India/Auranga/2021_bc2,gacccacgagcttata
H1N1_10_A/India/Auranga/2021_bc3,cgtgatgtaccagttg
H1N1_11_A/Lebanon/2818/2022_bc1,gcctatattccatggc
H1N1_11_A/Lebanon/2818/2022_bc2,cgggctgtttgacatc
H1N1_11_A/Lebanon/2818/2022_bc3,gactgctgcgcattcc
H1N1_12_A/India/Pun-NIV/2022_bc1,cccacactgcccaaag
H1N1_12_A/India/Pun-NIV/2022_bc2,tcccgtcgctgggatt
H1N1_12_A/India/Pun-NIV/2022_bc3,tcctgacatgccttac
H1N1_13_A/Seoul/843/2023_bc1,gtcagtcgtctccatc
H1N1_13_A/Seoul/843/2023_bc2,tacatcgatttacaac
H1N1_13_A/Seoul/843/2023_bc3,ccgtgcgactcacaag
H1N1_14_A/Victoria/965/2023_bc1,tccggttcggcgtatt
H1N1_14_A/Victoria/965/2023_bc2,cttttcgttcgaatcc
H1N1_14_A/Victoria/965/2023_bc3,tagaaacgcggacact
H1N1_15_A/Singap/TT0043/2023_bc1,aggaccgctcttctcc
H1N1_15_A/Singap/TT0043/2023_bc2,atatcagctgatgtac
H1N1_15_A/Singap/TT0043/2023_bc3,ttgctgaatacaagaa
H1N1_16_A/Banglade/2009/2024_bc1,aatagcactcaattta
H1N1_16_A/Banglade/2009/2024_bc2,acaaatgagtcttata
H1N1_16_A/Banglade/2009/2024_bc3,tctaacctcagttgtt
H1N1_17_A/Madagasc/6406/2023_bc1,aagatatttagacggg
H1N1_17_A/Madagasc/6406/2023_bc2,gaaagtcagaacgaag
H1N1_17_A/Madagasc/6406/2023_bc3,atacgctggtagagat
H1N1_18_A/Madagasc/807/2023_bc1,cgcggggtagactgca
H1N1_18_A/Madagasc/807/2023_bc2,ctgtctatgcggcgcc
H1N1_18_A/Madagasc/807/2023_bc3,ttggtttcgcagatta
H1N1_19_A/Oregon/22/2024_bc1,aagtccctaatccacc
H1N1_19_A/Oregon/22/2024_bc2,atgacactatacggat
H1N1_19_A/Oregon/22/2024_bc3,agggcagcctgagcct
H1N1_20_A/SAfric/R03410/2024_bc1,gacaatttagcggaac
H1N1_20_A/SAfric/R03410/2024_bc2,gagccgccctggtctc
H1N1_20_A/SAfric/R03410/2024_bc3,tgaataaaagggtggc
H1N1_21_A/Pennsylva/312/2024_bc1,tgacattgagcacggc
H1N1_21_A/Pennsylva/312/2024_bc2,ctcgcttaagctagga
H1N1_21_A/Pennsylva/312/2024_bc3,gcagatggtgagccta
H1N1_22_A/Poland/PL14/2023_bc1,caatgcttgttgggca
H1N1_22_A/Poland/PL14/2023_bc2,tccgaaatatgccgag
H1N1_22_A/Poland/PL14/2023_bc3,tctatgctcggacaat
H1N1_23_A/Denmark/2176/2024_bc1,attaaaaaccggtctg
H1N1_23_A/Denmark/2176/2024_bc2,gaatcgctgtggacca
H1N1_23_A/Denmark/2176/2024_bc3,gatcaggacttcccag
H1N1_24_A/Guyane/243/2024_bc1,ttttacccttggattt
H1N1_24_A/Guyane/243/2024_bc2,taggtcgagtgactca
H1N1_24_A/Guyane/243/2024_bc3,agctcgcgcgttgacc
H1N1_25_A/Missouri/124/2024_bc1,tcgtagatagccgctc
H1N1_25_A/Missouri/124/2024_bc2,ctgcaacggtcgtcag
H1N1_25_A/Missouri/124/2024_bc3,gattctacaagcccag
H1N1_26_A/Vietnam/2432/2024_bc1,tcagagaaaatgattt
H1N1_26_A/Vietnam/2432/2024_bc2,ttcgatttctgttgcc
H1N1_26_A/Vietnam/2432/2024_bc3,gccgtaaggtctgtcg
H1N1_27_A/Victoria/3391/2024_bc1,tgcggcatcaacgatc
H1N1_27_A/Victoria/3391/2024_bc2,ttcccgtattgaggga
H1N1_27_A/Victoria/3391/2024_bc3,atgcgtagagtccaag
H3N2_1_A/Lao/1789/2019_bc1,gagtgctatcgtgccc
H3N2_1_A/Lao/1789/2019_bc2,ccgtaccgcagtgcca
H3N2_1_A/Lao/1789/2019_bc3,tctctattttggcgat
H3N2_2_A/Parana/51/2020_bc1,cacttggcctggtggg
H3N2_2_A/Parana/51/2020_bc2,tctttgccctaaaacc
H3N2_2_A/Parana/51/2020_bc3,ctgctcggggagcagt
H3N2_3_A/Togo/1843/2021_bc1,atcccctagttaagga
H3N2_3_A/Togo/1843/2021_bc2,ttatgaaatgcggttc
H3N2_3_A/Togo/1843/2021_bc3,attcgcaatgtcgagt
H3N2_4_A/Finland/181/2020_bc1,atcattaaacacaggt
H3N2_4_A/Finland/181/2020_bc2,catttaggcgatgcgt
H3N2_4_A/Finland/181/2020_bc3,acgactccagccactc
H3N2_5_A/Zambia/257/2021_bc1,tgatgtggtatgcggc
H3N2_5_A/Zambia/257/2021_bc2,tacttcccgtgtcctc
H3N2_5_A/Zambia/257/2021_bc3,aggcaatgggggaaac
H3N2_6_A/Kenya/106/2021_bc1,ataataccgaagtggc
H3N2_6_A/Kenya/106/2021_bc2,cgtagtcgctttacaa
H3N2_6_A/Kenya/106/2021_bc3,ccccaggtggaattgg
H3N2_7_A/Bahrain/1241/2022_bc1,cctcgttatcgaaaat
H3N2_7_A/Bahrain/1241/2022_bc2,aatgggcgctaccaca
H3N2_7_A/Bahrain/1241/2022_bc3,gtgtttcgcggcgctg
H3N2_8_A/Darwin/36/2021_bc1,gacccaattatgtgcc
H3N2_8_A/Darwin/36/2021_bc2,ccctaactaggctgac
H3N2_8_A/Darwin/36/2021_bc3,aacgacatacgtcact
H3N2_9_A/Lao/F0493/2020_bc1,tggtccgattcagcgg
H3N2_9_A/Lao/F0493/2020_bc2,gcttatactaatcgtc
H3N2_9_A/Lao/F0493/2020_bc3,cccctagtcttggcgg
H3N2_10_A/Saopaulo/CEVI/2022_bc1,ccaatttgagcccagt
H3N2_10_A/Saopaulo/CEVI/2022_bc2,ccacacattaatttgg
H3N2_10_A/Saopaulo/CEVI/2022_bc3,gtagatctacatggta
H3N2_11_A/Yunnan-Zhe/51/2023_bc1,cttgttgatgtatgct
H3N2_11_A/Yunnan-Zhe/51/2023_bc2,tttcctctaactttaa
H3N2_11_A/Yunnan-Zhe/51/2023_bc3,tagtacgctttacggg
H3N2_12_A/StP/RII-4417S/2020_bc1,cttttttgggtagcga
H3N2_12_A/StP/RII-4417S/2020_bc2,atccatatttccgttg
H3N2_12_A/StP/RII-4417S/2020_bc3,gacacctccgccccgc
H3N2_13_A/Togo/1973/2019_bc1,tgcaatgctgacccta
H3N2_13_A/Togo/1973/2019_bc2,tgttaaagtacggtcg
H3N2_13_A/Togo/1973/2019_bc3,acgaattccccatcgt
H3N2_14_A/Suriname/806/2019_bc1,ttcagtcctactataa
H3N2_14_A/Suriname/806/2019_bc2,aggatggctagcgagt
H3N2_14_A/Suriname/806/2019_bc3,gaaaatcgcttggtac
H3N2_15_A/Ethiopia/4040/2021_bc1,ctctgagaaaccccgg
H3N2_15_A/Ethiopia/4040/2021_bc2,tgatcgacttcgtaaa
H3N2_15_A/Ethiopia/4040/2021_bc3,agtcgttgttttggcg
H3N2_16_A/Mali/109/2020_bc1,taggtttacatcatag
H3N2_16_A/Mali/109/2020_bc2,gcggggggcgttcaca
H3N2_16_A/Mali/109/2020_bc3,ttcactattccccgtg
H3N2_17_A/Wisconsin/43/2022_bc1,tgttggcgaatatagt
H3N2_17_A/Wisconsin/43/2022_bc2,ctgccaattgcccact
H3N2_17_A/Wisconsin/43/2022_bc3,gatgtaaggccttaca
H3N2_18_A/Belgiu/H00110/2023_bc1,aacccagccccggtac
H3N2_18_A/Belgiu/H00110/2023_bc2,tctgtttaataccgta
H3N2_18_A/Belgiu/H00110/2023_bc3,gctcggatatgatcac
H3N2_19_A/Arizona/3/2021_bc1,tggctatagatgcgtg
H3N2_19_A/Arizona/3/2021_bc2,cacacacaatgtgcgt
H3N2_19_A/Arizona/3/2021_bc3,aggtcagttcagcgcc
H3N2_20_A/Victoria/4425/2022_bc1,tcgtaccgaagctcga
H3N2_20_A/Victoria/4425/2022_bc2,cctttcaaatcgcgac
H3N2_20_A/Victoria/4425/2022_bc3,cagagaatagtgacta
H3N2_21_A/Russia/6V/2021_bc1,cctaaacccgaacgag
H3N2_21_A/Russia/6V/2021_bc2,ccctgcctctgaaaaa
H3N2_21_A/Russia/6V/2021_bc3,tggtaagtcgcaatca
H3N2_22_A/Wellington/43/2022_bc1,tcaaggcccattaagg
H3N2_22_A/Wellington/43/2022_bc2,gttgaacgtggaaaat
H3N2_22_A/Wellington/43/2022_bc3,tggttgactcggcggt
H3N2_23_A/Togo/1949/2022_bc1,acaatgggtggcagct
H3N2_23_A/Togo/1949/2022_bc2,ttggtgtcttcacgta
H3N2_23_A/Togo/1949/2022_bc3,aacatgaagcctggac
H3N2_24_A/Zambia/6168/2022_bc1,gcattcacccgtcgga
H3N2_24_A/Zambia/6168/2022_bc2,taaagcacccgtgtga
H3N2_24_A/Zambia/6168/2022_bc3,cgttgttactcacaac
H3N2_25_A/Tennessee/16/2022_bc1,gccccacataccgaca
H3N2_25_A/Tennessee/16/2022_bc2,gcccaatatccacgcg
H3N2_25_A/Tennessee/16/2022_bc3,gagatggagacttaaa
H3N2_26_A/TimorLeste/85/2024_bc1,caccgtcttcgggtaa
H3N2_26_A/TimorLeste/85/2024_bc2,tgctcgctacggaaac
H3N2_26_A/TimorLeste/85/2024_bc3,gttgtcctcggggcca
H3N2_27_A/SaoPaulo/IAL//2021_bc1,aatcagatttggagcc
H3N2_27_A/SaoPaulo/IAL//2021_bc2,aactacatgtgcgtcg
H3N2_27_A/SaoPaulo/IAL//2021_bc3,cctacattctcgttca
H3N2_28_A/England/16607/2025_bc1,tccatcgctaagctaa
H3N2_28_A/England/16607/2025_bc2,accgttaggccccgca
H3N2_28_A/England/16607/2025_bc3,attacgaactgcgaga
H3N2_29_A/Vietnam/F7324/2024_bc1,tctctccgtcccacgt
H3N2_29_A/Vietnam/F7324/2024_bc2,ccctggtatactcggc
H3N2_29_A/Vietnam/F7324/2024_bc3,ttatccgcaactcagc
H3N2_30_A/Zabay/229-11V/2024_bc1,tgaaaaatcagacgta
H3N2_30_A/Zabay/229-11V/2024_bc2,attgccaactgcatgc
H3N2_30_A/Zabay/229-11V/2024_bc3,gctgtattttggaatg
H3N2_31_A/Engla/3940088/2024_bc1,gaagaggaatcttgcg
H3N2_31_A/Engla/3940088/2024_bc2,tggggcgggccattag
H3N2_31_A/Engla/3940088/2024_bc3,tgtattaatgcacact
H3N2_32_A/Yamagata/84/2025_bc1,tgacaggttatgggaa
H3N2_32_A/Yamagata/84/2025_bc2,ccggttgaggactaga
H3N2_32_A/Yamagata/84/2025_bc3,cccacacgtatgcttt